Source,Historical_or_modern,CAMHID,Year,Century,Century_recoded,Length_cm,Age_yr,Predicted_length_cm,G_index,Region
Archaeo,950-1900,     1,1050,11,11,53.9096705391853,7,77.77,.693193654869298,NW
Archaeo,950-1900,     2,1050,11,11,60.8269085443274,6,70.56,.862059361455887,NW
Archaeo,950-1900,     3,1050,11,11,60.2608397388568,6,70.56,.854036844371553,NW
Archaeo,950-1900,     5,1050,11,11,61.5080583952103,12,104.92,.586237689622668,NW
Archaeo,950-1900,     6,1050,11,11,78.5629005316914,9,90.24,.870599518303318,NW
Archaeo,950-1900,     7,1050,11,11,59.1329718607905,12,104.92,.563600570537462,NW
Archaeo,950-1900,     8,1050,11,11,52.597026364972,7,77.77,.676315113346689,NW
Archaeo,950-1900,     9,1050,11,11,98.9944580306229,16,118.86,.832866044343117,NW
Archaeo,950-1900,    10,1050,11,11,59.9218802203741,6,70.56,.849232996320495,NW
Archaeo,950-1900,    11,1050,11,11,87.3068502877817,10,95.61,.913156053632273,NW
Archaeo,950-1900,    12,1050,11,11,48.0721171349258,7,77.77,.61813189063811,NW
Archaeo,950-1900,    13,1050,11,11,104.589554072969,15,115.87,.902645672503397,NW
Archaeo,950-1900,    14,1050,11,11,72.6754016562997,10,95.61,.760123435376003,NW
Archaeo,950-1900,    15,1050,11,11,60.3739400042805,7,77.77,.776314002883895,NW
Archaeo,950-1900,    16,1470,15,15,98.220335141632,14,112.56,.872604256766454,W
Archaeo,950-1900,    17,1470,15,15,90.443744520879,16,118.86,.76092667441426,W
Archaeo,950-1900,    18,1470,15,15,89.1854286852399,15,115.87,.769702500088374,W
Archaeo,950-1900,    19,1470,15,15,69.719497926507,9,90.24,.772600819221044,W
Archaeo,950-1900,    20,1470,15,15,98.0914730982965,13,108.93,.900500074344042,W
Archaeo,950-1900,    21,1470,15,15,108.938768685053,16,118.86,.916530108405288,W
Archaeo,950-1900,    22,1470,15,15,90.443744520879,23,133.3,.678497708333676,W
Archaeo,950-1900,    23,1470,15,15,91.7067686342364,11,100.49,.912595966108433,W
Archaeo,950-1900,    24,1470,15,15,76.6269712034437,9,90.24,.849146400747381,W
Archaeo,950-1900,    25,1470,15,15,72.0815952208386,8,84.31,.854959022901656,W
Archaeo,950-1900,    26,1470,15,15,103.803910521668,15,115.87,.895865284557419,W
Archaeo,950-1900,    27,1470,15,15,108.276751784994,9,90.24,1.19987535222733,W
Archaeo,950-1900,    28,1470,15,15,100.677292383697,8,84.31,1.19413227830266,W
Archaeo,950-1900,    29,1470,15,15,88.3074254535644,13,108.93,.810680487042729,W
Archaeo,950-1900,    30,1470,15,15,89.6881880718323,8,84.31,1.06379063067053,W
Archaeo,950-1900,    31,1470,15,15,103.281031129226,14,112.56,.917564242441596,W
Archaeo,950-1900,    32,1470,15,15,96.8053510291472,13,108.93,.888693206914047,W
Archaeo,950-1900,    33,1470,15,15,100.547574049635,20,128.29,.783752233608505,W
Archaeo,950-1900,    34,1470,15,15,102.107144808858,13,108.93,.937364773789204,W
Archaeo,950-1900,    35,1470,15,15,89.1854286852399,10,95.61,.932804400012968,W
Archaeo,950-1900,    36,1470,15,15,85.4390406362521,15,115.87,.737369816486167,W
Archaeo,950-1900,    37,1470,15,15,104.327496569097,18,124.03,.841147275409961,W
Archaeo,950-1900,    38,1470,15,15,95.1402168269773,12,104.92,.906788189353577,W
Archaeo,950-1900,    39,1470,15,15,87.556707551974,9,90.24,.970264932978435,W
Archaeo,950-1900,    40,1470,15,15,81.6134956103081,8,84.31,.968016790538585,W
Archaeo,950-1900,    41,1470,15,15,94.5018466823972,9,90.24,1.04722791093082,W
Archaeo,950-1900,    42,1470,15,15,110.532008566269,13,108.93,1.01470677101137,W
Archaeo,950-1900,    43,1470,15,15,90.1917037159974,12,104.92,.859623558101385,W
Archaeo,950-1900,    44,1470,15,15,60.9402923030512,9,90.24,.675313522861826,W
Archaeo,950-1900,    45,1470,15,15,100.936863416878,16,118.86,.849208004516897,W
Archaeo,950-1900,    46,1470,15,15,96.9337584068792,12,104.92,.923882562017529,W
Archaeo,950-1900,    47,1470,15,15,85.9360641788781,13,108.93,.788910898548408,W
Archaeo,950-1900,    48,1470,15,15,86.5584281567639,12,104.92,.824994549721349,W
Archaeo,950-1900,    49,1470,15,15,70.5438315406389,7,77.77,.907082828091024,W
Archaeo,950-1900,    50,1470,15,15,90.443744520879,15,115.87,.780562220772236,W
Archaeo,950-1900,    51,1470,15,15,90.5698355620992,12,104.92,.863227559684514,W
Archaeo,950-1900,    52,1470,15,15,92.4668304879529,14,112.56,.82148925451273,W
Archaeo,950-1900,    53,1470,15,15,74.5843130794306,7,77.77,.959037071871295,W
Archaeo,950-1900,    54,1470,15,15,79.5356997348155,8,84.31,.943372076086057,W
Archaeo,950-1900,    55,1470,15,15,95.6517409182061,11,100.49,.951853327875471,W
Archaeo,950-1900,    56,1470,15,15,97.1907099106115,10,95.61,1.01653289311381,W
Archaeo,950-1900,    57,1470,15,15,99.382129358641,12,104.92,.947218160109045,W
Archaeo,950-1900,    58,1470,15,15,88.1821866009478,24,134.67,.654802009363242,W
Archaeo,950-1900,    59,1470,15,15,82.2273356804358,9,90.24,.911207177309794,W
Archaeo,950-1900,    60,1470,15,15,77.9565334007906,8,84.31,.92464160124292,W
Archaeo,950-1900,    61,1470,15,15,80.0232999107572,8,84.31,.949155496509989,W
Archaeo,950-1900,    62,1470,15,15, ,10,95.61, ,W
Archaeo,950-1900,    63,1470,15,15,91.0746699426408,13,108.93,.836084365580104,W
Archaeo,950-1900,    64,1470,15,15,102.889336324371,12,104.92,.980645599736666,W
Archaeo,950-1900,    65,1470,15,15,81.6134956103081,11,100.49,.812155394669202,W
Archaeo,950-1900,    66,1250,13,13.5,53.9096705391853,12,104.92,.513816913259486,NW
Archaeo,950-1900,    67,1250,13,13.5, ,11,100.49, ,NW
Archaeo,950-1900,    69,1250,13,13.5,74.8238570691807,12,104.92,.713151516099702,NW
Archaeo,950-1900,    70,1250,13,13.5,58.3468735395505,12,104.92,.556108211394877,NW
Archaeo,950-1900,    71,1250,13,13.5,76.9889709678087,10,95.61,.805239734000718,NW
Archaeo,950-1900,    72,1250,13,13.5,93.9919807875646,16,118.86,.790778906171669,NW
Archaeo,950-1900,    73,1250,13,13.5,75.6638785473096,9,90.24,.838473831419654,NW
Archaeo,950-1900,    74,1250,13,13.5,70.3080428433342,12,104.92,.670110968769864,NW
Archaeo,950-1900,    75,1250,13,13.5,89.1854286852399,11,100.49,.887505509854114,NW
Archaeo,950-1900,    76,1250,13,13.5,53.9096705391853,14,112.56,.478941635920267,NW
Archaeo,950-1900,    77,1250,13,13.5,65.5215054577961,14,112.56,.582102926952702,NW
Archaeo,950-1900,    78,1250,13,13.5,76.8682535934629,9,90.24,.851820186097772,NW
Archaeo,950-1900,    79,1460,15,15,51.6182599421874,15,115.87,.445484249091114,NW
Archaeo,950-1900,    80,1460,15,15,70.5438315406389,13,108.93,.647607009461479,NW
Archaeo,950-1900,    81,1460,15,15,74.1058432838087,11,100.49,.737444952570491,NW
Archaeo,950-1900,    82,1460,15,15,77.3514273648058,7,77.77,.994617813614579,NW
Archaeo,950-1900,    83,1460,15,15,101.976935170513,12,104.92,.971949439291965,NW
Archaeo,950-1900,    84,1460,15,15,77.3514273648058,13,108.93,.710102151517541,NW
Archaeo,950-1900,    85,1460,15,15, ,8,84.31, ,NW
Archaeo,950-1900,    86,1460,15,15,58.2348041876782,7,77.77,.74880807750647,NW
Archaeo,950-1900,    87,1460,15,15,57.5636027656666,9,90.24,.637894534194,NW
Archaeo,950-1900,    88,1460,15,15,70.1902278544474,13,108.93,.644360854259133,NW
Archaeo,950-1900,    89,1460,15,15,81.368305013715,14,112.56,.722888281927106,NW
Archaeo,950-1900,    90,1460,15,15,55.2309351230891,9,90.24,.61204493709097,NW
Archaeo,950-1900,    91,1460,15,15,75.3035617010844,14,112.56,.669008188531311,NW
Archaeo,950-1900,    92,1460,15,15,74.4646182999171,8,84.31,.883224033921445,NW
Archaeo,950-1900,    94,1460,15,15,53.6902952276549,6,70.56,.760916882478103,NW
Archaeo,950-1900,    95,1460,15,15,82.3502514620861,10,95.61,.861314208368226,NW
Archaeo,950-1900,    96,1460,15,15,71.8444385506871,11,100.49,.71494117375547,NW
Archaeo,950-1900,    97,1460,15,15,79.7794000119496,10,95.61,.834425269448276,NW
Archaeo,950-1900,    98,1460,15,15,59.3580882693604,9,90.24,.657780233481387,NW
Archaeo,950-1900,    99,1460,15,15,75.0636067114394,12,104.92,.7154365870324,NW
Archaeo,950-1900,   100,1460,15,15,53.580697507076,7,77.77,.688963578591694,NW
Archaeo,950-1900,   101,1460,15,15,72.2002520436819,8,84.31,.856366410196678,NW
Archaeo,950-1900,   102,1460,15,15,79.1705242305235,12,104.92,.754579910698852,NW
Archaeo,950-1900,   103,1460,15,15,78.0777060848457,10,95.61,.816626985512454,NW
Archaeo,950-1900,   104,1460,15,15,107.087851939396,14,112.56,.95138461211262,NW
Archaeo,950-1900,   105,1460,15,15, ,6,70.56, ,NW
Archaeo,950-1900,   106,1460,15,15,55.1205028586713,7,77.77,.708763055917079,NW
Archaeo,950-1900,   107,1460,15,15,74.4646182999171,12,104.92,.709727585778851,NW
Archaeo,950-1900,   108,1460,15,15,77.4723474656991,9,90.24,.858514488759964,NW
Archaeo,950-1900,   109,1460,15,15,78.3202026386077,11,100.49,.779383049443802,NW
Archaeo,950-1900,   110,1460,15,15,47.6469080641124,7,77.77,.612664370118457,NW
Archaeo,950-1900,   111,1460,15,15,83.7055632267909,11,100.49,.832974059376962,NW
Archaeo,950-1900,   112,1460,15,15, ,7,77.77, ,NW
Archaeo,950-1900,   113,1460,15,15,74.3449750484826,9,90.24,.823858322789036,NW
Archaeo,950-1900,   114,987,10,10.7,88.6834275319243,9,90.24,.98275074835909,NW
Archaeo,950-1900,   115,987,10,10.7,91.4537886065767,20,128.29,.712867632758412,NW
Archaeo,950-1900,   116,987,10,10.7,57.5636027656666,6,70.56,.815810696792326,NW
Archaeo,950-1900,   117,987,10,10.7,58.0108388038357,5,62.6,.926690715716225,NW
Archaeo,950-1900,   118,1770,18,18,85.5632240889677,9,90.24,.948174025808596,NW
Archaeo,950-1900,   119,1050,11,11,57.8989428752509,6,70.56,.820563249365801,NW
Archaeo,950-1900,   120,1050,11,11,75.9043455781321,9,90.24,.841138581317953,NW
Archaeo,950-1900,   121,1050,11,11,60.3739400042805,9,90.24,.669037455721194,NW
Archaeo,950-1900,   122,1050,11,11,56.7831773321211,4,53.84,1.05466525505426,NW
Archaeo,950-1900,   123,1050,11,11,91.9599357830692,21,130.12,.706731753635638,NW
Archaeo,950-1900,   125,925,10,10.2,73.9863548477337,11,100.49,.736255894593827,NW
Archaeo,950-1900,   126,925,10,10.2,53.1429075221418,8,84.31,.630327452522142,NW
Archaeo,950-1900,   127,925,10,10.2,48.9255615295208,10,95.61,.511720128956394,NW
Archaeo,950-1900,   128,925,10,10.2,90.9483908758224,9,90.24,1.00785007619484,NW
Archaeo,950-1900,   129,925,10,10.2,62.6478077377023,13,108.93,.575119872741231,NW
Archaeo,950-1900,   130,925,10,10.2,100.807055515036,10,95.61,1.05435681952762,NW
Archaeo,950-1900,   131,925,10,10.2,45.7460805496291,5,62.6,.730768059898228,NW
Archaeo,950-1900,   132,925,10,10.2,46.7995370462252,5,62.6,.747596438438102,NW
Archaeo,950-1900,   133,925,10,10.2,54.4591554222951,7,77.77,.700259167060501,NW
Archaeo,950-1900,   134,925,10,10.2,42.8309959930224,8,84.31,.508017981176876,NW
Archaeo,950-1900,   135,925,10,10.2,74.4646182999171,9,90.24,.825184156692343,NW
Archaeo,950-1900,   136,925,10,10.2,54.899816130041,6,70.56,.77805861862303,NW
Archaeo,950-1900,   137,925,10,10.2,43.1408569829173,5,62.6,.689151070014654,NW
Archaeo,950-1900,   138,925,10,10.2,50.968495007403,4,53.84,.946665954818035,NW
Archaeo,950-1900,   140,925,10,10.2,112.3,17,121.57,.92,NW
Archaeo,950-1900,   144,925,10,10.2,115.752488257452,10,95.61,1.21067344689313,NW
Archaeo,950-1900,   145,925,10,10.2,89.4367137231695,9,90.24,.991098334698244,NW
Archaeo,950-1900,   146,925,10,10.2,67.611771212227,6,70.56,.958216712191426,NW
Archaeo,950-1900,   147,925,10,10.2,73.6281997891074,9,90.24,.815915334542414,NW
Archaeo,950-1900,   148,925,10,10.2,84.447316106508,9,90.24,.93580802422992,NW
Archaeo,950-1900,   149,925,10,10.2,88.8088566273361,11,100.49,.883758151331835,NW
Archaeo,950-1900,   150,925,10,10.2,83.3353452048376,12,104.92,.794275116325177,NW
Archaeo,950-1900,   152,950,10,10.5,66.3322955998656,14,112.56,.58930610874081,NW
Archaeo,950-1900,   153,950,10,10.5,58.5711853056237,12,104.92,.558246142829048,NW
Archaeo,950-1900,   154,950,10,10.5,85.3149055264125,12,104.92,.813142446877741,NW
Archaeo,950-1900,   155,950,10,10.5,50.860415545418,7,77.77,.653985026943783,NW
Archaeo,950-1900,   156,950,10,10.5,74.5843130794306,12,104.92,.710868405255724,NW
Archaeo,950-1900,   157,950,10,10.5,78.6843248901497,14,112.56,.699043398100122,NW
Archaeo,950-1900,   158,1850,19,19,88.3074254535644,11,100.49,.878768289915061,W
Archaeo,950-1900,   159,1850,19,19,92.4668304879529,16,118.86,.777947421234671,W
Archaeo,950-1900,   160,1850,19,19,92.4668304879529,11,100.49,.920159523215772,W
Archaeo,950-1900,   161,1850,19,19,80.1453246299307,9,90.24,.888135246342317,W
Archaeo,950-1900,   162,1850,19,19,101.976935170513,10,95.61,1.06659277450594,W
Archaeo,950-1900,   163,1850,19,19, ,9,90.24, ,W
Archaeo,950-1900,   164,950,10,10.5,95.6517409182061,12,104.92,.911663561934865,NW
Archaeo,950-1900,   165,950,10,10.5,87.556707551974,15,115.87,.755646047742936,NW
Archaeo,950-1900,   166,950,10,10.5,84.3235689192981,9,90.24,.934436712314917,NW
Archaeo,950-1900,   167,950,10,10.5,77.9565334007906,9,90.24,.863880024388194,NW
Archaeo,950-1900,   168,950,10,10.5,87.6817078948769,16,118.86,.737688944092856,NW
Archaeo,950-1900,   169,950,10,10.5,93.7373252175475,12,104.92,.893417129408574,NW
Archaeo,950-1900,   170,950,10,10.5, ,9,90.24, ,NW
Archaeo,950-1900,   171,950,10,10.5, ,13,108.93, ,NW
Archaeo,950-1900,   172,950,10,10.5, ,7,77.77, ,NW
Archaeo,950-1900,   173,950,10,10.5,64.713394686881,11,100.49,.643978452451797,NW
Archaeo,950-1900,   174,950,10,10.5,66.2,11,100.49,.66,NW
Archaeo,950-1900,   175,950,10,10.5, ,9,90.24, ,NW
Archaeo,950-1900,   176,1475,15,15,64.3678855424626,9,90.24,.713296603972325,NW
Archaeo,950-1900,   177,1475,15,15,41.0865001929231,6,70.56,.582291669400838,NW
Archaeo,950-1900,   178,1470,15,15,67.8451053969867,8,84.31,.804710062827501,W
Archaeo,950-1900,   179,1470,15,15,82.4732164198914,10,95.61,.86260031816642,W
Archaeo,950-1900,   180,1470,15,15,60.8269085443274,9,90.24,.674057053904337,W
Archaeo,950-1900,   181,1470,15,15,75.7840865078578,10,95.61,.792637658276935,W
Archaeo,950-1900,   182,1425,15,15,87.0571844639563,10,95.61,.91054475958536,NW
Archaeo,950-1900,   183,1425,15,15,60.0348097972858,7,77.77,.771953321297233,NW
Archaeo,950-1900,   184,1425,15,15,95.2680289378298,12,104.92,.908006375694146,NW
Archaeo,950-1900,   185,1594,16,16,122.231622823898,9,90.24,1.35451709689603,W
Archaeo,950-1900,   186,1850,19,19,104.554002496674,11,100.49,1.04044185985346,W
Archaeo,950-1900,   187,1850,19,19,59.2247412021166,5,62.6,.946082127829338,W
Archaeo,950-1900,   188,1850,19,19,84.7717955164281,8,84.31,1.00547735163596,W
Archaeo,950-1900,   189,1649,17,17,62.2417610074932,5,62.6,.994277332388071,W
Archaeo,950-1900,   190,1637,17,17,64.1334555386601,4,53.84,1.19118602412073,W
Archaeo,950-1900,   191,1890,19,19,60.6078877856266,4,53.84,1.12570371072858,W
Archaeo,950-1900,   192,1890,19,19,65.8736854842801,4,53.84,1.22350827422511,W
Archaeo,950-1900,   193,1890,19,19,59.8585992367166,4,53.84,1.11178676145462,W
Archaeo,950-1900,   194,1890,19,19,72.0215357634365,5,62.6,1.15050376618908,W
Archaeo,950-1900,   195,1890,19,19,75.3348186729973,12,104.92,.718021527573364,W
Archaeo,950-1900,   196,1649,17,17,74.1553391517578,7,77.77,.95352114120815,W
Archaeo,950-1900,   197,1649,17,17,56.9007335728624,4,53.84,1.05684869191795,W
Archaeo,950-1900,   198,1649,17,17,96.7136594026921,14,112.56,.85921872248305,W
Archaeo,950-1900,   199,1649,17,17,63.0247593698215,5,62.6,1.00678529344763,W
Archaeo,950-1900,   200,1649,17,17,67.2891300467031,6,70.56,.953644133314953,W
Archaeo,950-1900,   201,1649,17,17,65.7721438242417,5,62.6,1.05067322402942,W
Archaeo,950-1900,   202,1529,16,16,100.040859751661,16,118.86,.841669693350672,W
Archaeo,950-1900,   203,1529,16,16,99.5633686283998,18,124.03,.80273618179795,W
Archaeo,950-1900,   204,1529,16,16,74.2980405163412,7,77.77,.95535605653004,W
Archaeo,950-1900,   205,1529,16,16,98.7700795632647,10,95.61,1.03305176825923,W
Archaeo,950-1900,   206,1529,16,16,100.420479503291,12,104.92,.95711474936419,W
Archaeo,950-1900,   207,1529,16,16,95.137674918657,9,90.24,1.054273879861,W
Archaeo,950-1900,   208,1529,16,16,94.1557856434022,12,104.92,.897405505560448,W
Archaeo,950-1900,   209,1529,16,16,104.551632506735,10,95.61,1.09352193815224,W
Archaeo,950-1900,   210,1529,16,16,61.932592874033,7,77.77,.796355829677677,W
Archaeo,950-1900,   211,1529,16,16, , , , ,W
Archaeo,950-1900,   212,1410,15,15,106.816740860871,13,108.93,.980599842659244,W
Archaeo,950-1900,   213,1410,15,15,89.7548399985284,11,100.49,.893171857881663,W
Archaeo,950-1900,   214,1410,15,15,108.472012104709,14,112.56,.963681699579859,W
Archaeo,950-1900,   215,1410,15,15,99.267585037869,18,124.03,.800351407223003,W
Archaeo,950-1900,   216,1410,15,15,108.683889914155,13,108.93,.997740658350824,W
Archaeo,950-1900,   217,1410,15,15,108.488766766403,22,131.79,.823194223889548,W
Archaeo,950-1900,   218,1410,15,15,77.4730673797016,7,77.77,.996181913073185,W
Archaeo,950-1900,   219,1410,15,15,109.268811927387,10,95.61,1.14285965827201,W
Archaeo,950-1900,   220,1410,15,15,112.45973192031,15,115.87,.970568153277898,W
Archaeo,950-1900,   221,1410,15,15,118.766588532356,15,115.87,1.02499860647584,W
Archaeo,950-1900,   222,1410,15,15,75.2155351747375,10,95.61,.78669109062585,W
Archaeo,950-1900,   223,1410,15,15,83.6557735677081,10,95.61,.874968869027383,W
Archaeo,950-1900,   224,1410,15,15,98.1205970814401,12,104.92,.935194406037363,W
Archaeo,950-1900,   225,1410,15,15,92.8458838936106,10,95.61,.971089675699305,W
Archaeo,950-1900,   226,1410,15,15,92.267833447054,15,115.87,.796304767817848,W
Archaeo,950-1900,   227,1410,15,15,90.6432773390977,10,95.61,.948052267954165,W
Archaeo,950-1900,   228,1410,15,15,64.5417533709383,12,104.92,.615152052715768,W
Archaeo,950-1900,   229,1410,15,15,65.6371689359551,9,90.24,.727362244414397,W
Archaeo,950-1900,   230,1410,15,15, , , , ,W
Archaeo,950-1900,   231,1410,15,15,106.429588884969,13,108.93,.977045707196997,W
Archaeo,950-1900,   232,1410,15,15,100.230621472883,9,90.24,1.11071167412326,W
Archaeo,950-1900,   233,1410,15,15,120.407766002261,15,115.87,1.03916256151084,W
Archaeo,950-1900,   234,1410,15,15,47.0807364884817,4,53.84,.874456472668679,W
Archaeo,950-1900,   235,1410,15,15,91.019859518463,10,95.61,.951991000088516,W
Archaeo,950-1900,   236,1410,15,15,119.081824987709,11,100.49,1.18501169258343,W
Archaeo,950-1900,   237,1410,15,15,67.6144310718651,7,77.77,.869415341029512,W
Archaeo,950-1900,   238,1410,15,15,119.567996888529,11,100.49,1.18984970532918,W
Archaeo,950-1900,   239,1410,15,15,63.5411000596404,7,77.77,.817038704637269,W
Archaeo,950-1900,   240,1400,14,13.5,107.006284654347,11,100.49,1.06484510552639,W
Archaeo,950-1900,   241,1400,14,13.5,105.32382355942,10,95.61,1.10159840560004,W
Archaeo,950-1900,   242,1400,14,13.5,106.955015501376,14,112.56,.950204473182091,W
Archaeo,950-1900,   243,1400,14,13.5, , , , ,W
Archaeo,950-1900,   244,1400,14,13.5,100.180243228391,10,95.61,1.04780089141712,W
Archaeo,950-1900,   245,1400,14,13.5,103.749036445342,12,104.92,.988839462879737,W
Archaeo,950-1900,   246,1400,14,13.5,61.9795598387207,9,90.24,.686830228709228,W
Archaeo,950-1900,   247,1550,16,16,111.025444702568,11,100.49,1.10484072746112,NW
Archaeo,950-1900,   248,1550,16,16,112.148088463377,11,100.49,1.11601242375736,NW
Archaeo,950-1900,   249,1550,16,16,44.3830042279407,6,70.56,.629010830894851,NW
Archaeo,950-1900,   250,1550,16,16,69.3921701292953,7,77.77,.892274271946706,NW
Archaeo,950-1900,   251,1550,16,16,90.7641944898196,12,104.92,.865080008480934,NW
Archaeo,950-1900,   252,1550,16,16,111.609902999255,14,112.56,.991559195089332,NW
Archaeo,950-1900,   253,1550,16,16,105.149324801608,13,108.93,.965292617291911,NW
Archaeo,950-1900,   254,1550,16,16,100.83216856058,10,95.61,1.05461948081352,NW
Archaeo,950-1900,   255,1550,16,16,102.690926143442,10,95.61,1.07406051818263,NW
Archaeo,950-1900,   256,1550,16,16,79.3952438853605,11,100.49,.790081041749035,NW
Archaeo,950-1900,   257,1550,16,16,62.8931796427319,7,77.77,.808707466153168,NW
Archaeo,950-1900,   258,1550,16,16,99.917917524272,13,108.93,.917267213111833,NW
Archaeo,950-1900,   259,1900,19,19,46.0213641800947,4,53.84,.854780166792249,W
Archaeo,950-1900,   260,1900,19,19,78.1931555055647,8,84.31,.927448173473665,W
Archaeo,950-1900,   261,1860,19,19,58.9395915562355,3,44.18,1.33407857755173,W
Archaeo,950-1900,   262,1860,19,19,117.382875964992,9,90.24,1.30078541627872,W
Archaeo,950-1900,   263,1860,19,19,39.3453885548043,3,44.18,.890570134785067,W
Archaeo,950-1900,   264,1860,19,19,61.7609123427626,4,53.84,1.14711947144804,W
Archaeo,950-1900,   265,1860,19,19,89.2113837711895,6,70.56,1.26433367022661,W
Archaeo,950-1900,   266,1860,19,19,55.6690518792201,4,53.84,1.03397198884138,W
Archaeo,950-1900,   267,1838,18,18,95.9642784620837,9,90.24,1.0634339368582,W
Archaeo,950-1900,   268,1838,18,18,73.3368746987547,5,62.6,1.17151557026765,W
Archaeo,950-1900,   269,1785,18,18,76.5513567332594,5,62.6,1.22286512353449,W
Archaeo,950-1900,   270,1785,18,18,80.0059814824457,5,62.6,1.27805082240329,W
Archaeo,950-1900,   271,1770,18,18,69.3568874531501,6,70.56,.982949085220381,W
Archaeo,950-1900,   272,1770,18,18,84.9920242491183,7,77.77,1.09286388387705,W
Archaeo,950-1900,   273,1770,18,18,106.755325834318,11,100.49,1.06234775434688,W
Archaeo,950-1900,   274,1770,18,18,88.5721250702966,7,77.77,1.13889835502503,W
Archaeo,950-1900,   275,1770,18,18,85.6711567503189,7,77.77,1.1015964607216,W
Archaeo,950-1900,   276,1770,18,18,78.7558065495445,6,70.56,1.11615372094026,W
Archaeo,950-1900,   277,1770,18,18,101.626187651038,11,100.49,1.01130647478394,W
Archaeo,950-1900,   278,1770,18,18,101.44392697296,7,77.77,1.30440950203111,W
Archaeo,950-1900,   279,1649,17,17,87.6868751545489,10,95.61,.917130793374636,W
Archaeo,950-1900,   280,1649,17,17,88.2253903118361,8,84.31,1.04644040222792,W
Archaeo,950-1900,   281,1649,17,17,60.5309504075395,4,53.84,1.12427471039264,W
Archaeo,950-1900,   282,1649,17,17,102.227332805319,10,95.61,1.06921172267879,W
Archaeo,950-1900,   283,1649,17,17,76.4676822118333,5,62.6,1.22152846983759,W
Archaeo,950-1900,   284,1649,17,17,105.94383622781,7,77.77,1.36227126434114,W
Archaeo,950-1900,   285,1649,17,17,50.0949466623957,4,53.84,.930441059851332,W
Archaeo,950-1900,   286,1649,17,17,98.4956935526806,9,90.24,1.09148596578768,W
Archaeo,950-1900,   287,1649,17,17,121.377541632441,11,100.49,1.20785691742901,W
Archaeo,950-1900,   288,1649,17,17,99.7505544499595,10,95.61,1.04330670902583,W
Archaeo,950-1900,   289,1649,17,17,93.4083550938438, , , ,W
Archaeo,950-1900,   290,1649,17,17,56.4083328996984,3,44.18,1.27678435716837,W
Archaeo,950-1900,   291,1649,17,17,99.4797206203444,8,84.31,1.17992789254352,W
Archaeo,950-1900,   292,1900,19,19,92.1390625561192,8,84.31,1.09286042647514,W
Archaeo,950-1900,   293,1900,19,19,52.1519034397476,3,44.18,1.18044145404589,W
Archaeo,950-1900,   294,1900,19,19,61.381241164553,4,53.84,1.14006762935648,W
Archaeo,950-1900,   295,1900,19,19,66.6371350312021,4,53.84,1.23768824352158,W
Archaeo,950-1900,   296,1900,19,19,48.8647267503741,3,44.18,1.1060372736617,W
Archaeo,950-1900,   297,1900,19,19,55.0241643498501,4,53.84,1.02199413725576,W
Archaeo,950-1900,   298,1900,19,19,54.848635838188,4,53.84,1.01873394944629,W
Archaeo,950-1900,   299,1900,19,19,49.9931367773439,3,44.18,1.13157846938307,W
Archaeo,950-1900,   300,1880,19,19,68.77508295153,5,62.6,1.09864349762828,W
Archaeo,950-1900,   301,1880,19,19,62.7212688380102,4,53.84,1.16495670204328,W
Archaeo,950-1900,   302,1880,19,19,91.1976115966348,9,90.24,1.01061183063647,W
Archaeo,950-1900,   303,1880,19,19,90.209360811213,8,84.31,1.06997225490704,W
Archaeo,950-1900,   304,1880,19,19,90.0871383743672,5,62.6,1.43909166732216,W
Archaeo,950-1900,   305,1649,17,17,102.811842369707,9,90.24,1.13931562909693,W
Archaeo,950-1900,   306,1649,17,17,90.9867348110334,7,77.77,1.16994644221465,W
Archaeo,950-1900,   307,1649,17,17,103.593358277705,9,90.24,1.14797604474407,W
Archaeo,950-1900,   308,1649,17,17,58.7930076749491,5,62.6,.939185426117397,W
Archaeo,950-1900,   309,1550,16,16,118.018589565588,11,100.49,1.17443118285986,W
Archaeo,950-1900,   310,1550,16,16,91.1478720149191,10,95.61,.953329902885881,W
Archaeo,950-1900,   311,1550,16,16,73.4393434261183,9,90.24,.813822511370992,W
Archaeo,950-1900,   312,1550,16,16,68.224236985143,4,53.84,1.26716636302271,W
Archaeo,950-1900,   313,1550,16,16,57.5631988130145,4,53.84,1.06915302401587,W
Archaeo,950-1900,   314,1550,16,16,64.5248230165193,5,62.6,1.03074797150989,W
Archaeo,950-1900,   315,1450,15,15,90.9016579716367,8,84.31,1.07818358405452,W
Archaeo,950-1900,   316,1450,15,15,100.384819421897,8,84.31,1.19066325965955,W
Archaeo,950-1900,   317,1450,15,15,74.2423199696356,6,70.56,1.0521870743996,W
Archaeo,950-1900,   318,1450,15,15,63.5050368200907,5,62.6,1.01445745718995,W
Archaeo,950-1900,   319,1450,15,15,103.404287974753,14,112.56,.918659274829006,W
Archaeo,950-1900,   320,1450,15,15,93.8690915126212,18,124.03,.756825699529317,W
Archaeo,950-1900,   321,1450,15,15,103.511142427351,21,130.12,.795505244599993,W
Archaeo,950-1900,   322,1450,15,15,120.44584136749,13,108.93,1.10571781297614,W
Archaeo,950-1900,   323,1450,15,15,107.339533162586,12,104.92,1.02306074306697,W
Archaeo,950-1900,   324,1450,15,15,44.0595390789644,3,44.18,.997273406042653,W
Archaeo,950-1900,   325,1450,15,15,97.7964075994874,7,77.77,1.2575081342354,W
Archaeo,950-1900,   326,1450,15,15,116.523760288565,10,95.61,1.21874030215003,W
Archaeo,950-1900,   327,1450,15,15,66.3848322425203,5,62.6,1.060460578954,W
Archaeo,950-1900,   328,1450,15,15,95.8699247719842,13,108.93,.88010579979789,W
Archaeo,950-1900,   329,1450,15,15,52.159435556613,7,77.77,.670688383137624,W
Archaeo,950-1900,   330,1450,15,15,55.0507444948097,4,53.84,1.02248782494074,W
Archaeo,950-1900,   331,1450,15,15,67.7604756805128,5,62.6,1.08243571374621,W
Archaeo,950-1900,   332,1450,15,15,108.979369457934,10,95.61,1.13983233404387,W
Archaeo,950-1900,   333,1900,19,19,58.416549091247,4,53.84,1.08500276915392,W
Archaeo,950-1900,   334,1880,19,19,111.358319464362,20,128.29,.86802026240831,W
Archaeo,950-1900,   335,1880,19,19,69.7910883019661,6,70.56,.989102725368,W
Archaeo,950-1900,   336,1880,19,19,87.919486248936,9,90.24,.974285086978458,W
Archaeo,950-1900,   337,1880,19,19,57.7861613238387,5,62.6,.923101618591672,W
Archaeo,950-1900,   338,1880,19,19,51.2777629158609,4,53.84,.952410158169779,W
Archaeo,950-1900,   339,1880,19,19,102.448615133254,9,90.24,1.13529050457949,W
Archaeo,950-1900,   340,1880,19,19,103.401939857361,9,90.24,1.14585482997962,W
Archaeo,950-1900,   341,1649,17,17,72.5681899976709,5,62.6,1.15923626194362,W
Archaeo,950-1900,   342,1649,17,17,90.7009612129171,8,84.31,1.07580312196557,W
Archaeo,950-1900,   343,1649,17,17,79.7167589494852,9,90.24,.883386069918941,W
Archaeo,950-1900,   344,1649,17,17,66.9038690920679,4,53.84,1.24264244227466,W
Archaeo,950-1900,   345,1649,17,17,66.9660615200288,5,62.6,1.06974539169375,W
Archaeo,950-1900,   346,1649,17,17,73.0393707272856,6,70.56,1.03513847402616,W
Archaeo,950-1900,   347,1450,15,15,48.7042911397579,4,53.84,.904611648212443,W
Archaeo,950-1900,   348,1450,15,15,85.5149581926947,7,77.77,1.09958799270535,W
Archaeo,950-1900,   349,1450,15,15,76.9577498557657,6,70.56,1.09067105804657,W
Archaeo,950-1900,   350,1820,19,19,100.798627978189,10,95.61,1.05426867459669,W
Archaeo,950-1900,   351,1820,19,19,111.12414781259,15,115.87,.959041579464835,W
Archaeo,950-1900,   352,1820,19,19,77.1559377039797,8,84.31,.915145744324276,W
Archaeo,950-1900,   353,1820,19,19,62.8347644011698,5,62.6,1.00375023005064,W
Archaeo,950-1900,   354,1820,19,19,43.9743648258702,4,53.84,.816760119351229,W
Archaeo,950-1900,   355,1820,19,19,48.9960339970302,5,62.6,.782684249153837,W
Archaeo,950-1900,   356,1820,19,19,88.2828903816251,8,84.31,1.04712240993506,W
Archaeo,950-1900,   357,1820,19,19,46.8365786772887,4,53.84,.869921595046223,W
Archaeo,950-1900,   358,1820,19,19,50.5804755048273,6,70.56,.71684347370787,W
Archaeo,950-1900,   359,1820,19,19,41.0575729431806,3,44.18,.929324874223192,W
Archaeo,950-1900,   360,1820,19,19,103.859125729288,12,104.92,.989888731693561,W
Archaeo,950-1900,   361,1820,19,19,63.0522141388255,5,62.6,1.00722386803236,W
Archaeo,950-1900,   362,1820,19,19,66.7937744238396,5,62.6,1.06699320165878,W
Archaeo,950-1900,   363,1820,19,19,51.9083167915425,6,70.56,.735662086047937,W
Archaeo,950-1900,   364,1820,19,19,84.4544072615397,6,70.56,1.19691620268622,W
Archaeo,950-1900,   365,1820,19,19,55.1377539958546,4,53.84,1.02410390036877,W
Archaeo,950-1900,   366,1820,19,19,62.8543907645513,5,62.6,1.00406375023245,W
Archaeo,950-1900,   367,1820,19,19,69.0840174547736,6,70.56,.97908188002797,W
Archaeo,950-1900,   368,1820,19,19,55.5176445522088,5,62.6,.886863331504933,W
Archaeo,950-1900,   369,1820,19,19,58.7220242060665,6,70.56,.832228234212961,W
Archaeo,950-1900,   370,1820,19,19,94.9392720970813,11,100.49,.94476338040682,W
Archaeo,950-1900,   371,1820,19,19,75.3510771090331,7,77.77,.968896452475673,W
Archaeo,950-1900,   372,1820,19,19,71.2062717685152,5,62.6,1.13748037968874,W
Archaeo,950-1900,   373,1820,19,19,101.582509394245,13,108.93,.932548511835536,W
Archaeo,950-1900,   374,1820,19,19,46.8859627012438,4,53.84,.870838831746727,W
Archaeo,950-1900,   375,1820,19,19,71.2740237636854,7,77.77,.916471952728371,W
Archaeo,950-1900,   376,1820,19,19,49.2410591080278,4,53.84,.914581335587441,W
Archaeo,950-1900,   377,1785,18,18,111.828900037356,15,115.87,.965123846011526,W
Archaeo,950-1900,   378,1785,18,18,80.7260185531228,8,84.31,.957490434742294,W
Archaeo,950-1900,   379,1785,18,18,60.5314421105296,3,44.18,1.37010959960456,W
Archaeo,950-1900,   380,1785,18,18,73.0200384891969,6,70.56,1.03486449106005,W
Archaeo,950-1900,   381,1785,18,18,70.880256406305,7,77.77,.911408723239102,W
Archaeo,950-1900,   382,1785,18,18,83.345517140185,7,77.77,1.07169238961277,W
Archaeo,950-1900,   383,1785,18,18,48.4884383928663,4,53.84,.900602496152791,W
Archaeo,950-1900,   384,1785,18,18,70.7335881469898,8,84.31,.83897032554845,W
Archaeo,950-1900,   385,1680,17,17,107.590946497348,14,112.56,.955854179969327,W
Archaeo,950-1900,   386,1680,17,17,90.4625733097139,11,100.49,.900214681159458,W
Archaeo,950-1900,   387,1680,17,17,104.828792582562,14,112.56,.931314788402293,W
Archaeo,950-1900,   388,1680,17,17,58.9822489936581,10,95.61,.616904601962746,W
Archaeo,950-1900,   389,1680,17,17,58.1343375073825,4,53.84,1.079761097834,W
Archaeo,950-1900,   390,1680,17,17,65.4321124154789,7,77.77,.841354152185662,W
Archaeo,950-1900,   391,1680,17,17,88.8120899637751,7,77.77,1.14198392649833,W
Archaeo,950-1900,   392,1680,17,17,80.9441131372871,8,84.31,.960077252251063,W
Archaeo,950-1900,   393,1650,17,17,107.88864340873,15,115.87,.931118006461814,W
Archaeo,950-1900,   394,1650,17,17,83.7806781982796,7,77.77,1.0772878770513,W
Archaeo,950-1900,   395,1650,17,17,82.9528680228752,7,77.77,1.06664353893372,W
Archaeo,950-1900,   396,1650,17,17,87.5335168687895,9,90.24,.970007944024706,W
Archaeo,950-1900,   397,1650,17,17,101.40758091765,9,90.24,1.1237542211619,W
Archaeo,950-1900,   398,1650,17,17,68.0756437706935,8,84.31,.807444475989722,W
Archaeo,950-1900,   399,1650,17,17,37.6865891749691,4,53.84,.699973795968965,W
Archaeo,950-1900,   400,1650,17,17,89.3466697312599,12,104.92,.851569478948341,W
Archaeo,950-1900,   401,1650,17,17,88.8437783298989,13,108.93,.815604317726053,W
Archaeo,950-1900,   402,1650,17,17,80.7486297750265,8,84.31,.957758626201239,W
Archaeo,950-1900,   403,1650,17,17,87.398914594034,10,95.61,.914118968664721,W
Archaeo,950-1900,   404,1650,17,17,77.7499067915456,6,70.56,1.10189777198902,W
Archaeo,950-1900,   405,1650,17,17,72.3269177393639,5,62.6,1.1553820725138,W
Archaeo,950-1900,   406,1650,17,17,73.1243740733798,8,84.31,.867327411616413,W
Archaeo,950-1900,   407,1637,17,17,80.7341312185234,6,70.56,1.14419120207658,W
Archaeo,950-1900,   408,1637,17,17,73.9518729512261,6,70.56,1.04807076178042,W
Archaeo,950-1900,   409,1637,17,17,111.735326166474,11,100.49,1.11190492751989,W
Archaeo,950-1900,   410,1637,17,17,124.243261746115,9,90.24,1.3768091948816,W
Archaeo,950-1900,   411,1637,17,17,101.913537508666,11,100.49,1.01416596187348,W
Archaeo,950-1900,   412,1637,17,17,98.8200546300526,10,95.61,1.03357446532844,W
Archaeo,950-1900,   413,1637,17,17,97.29075832723,7,77.77,1.25100627912087,W
Archaeo,950-1900,   414,1637,17,17,77.1757472005146,9,90.24,.855227695041164,W
Archaeo,950-1900,   415,1637,17,17,72.9114491632087,7,77.77,.937526670479731,W
Archaeo,950-1900,   416,1637,17,17,91.9410070312231,7,77.77,1.18221688351836,W
Archaeo,950-1900,   417,1637,17,17,90.8104488944896,13,108.93,.833658761539425,W
Archaeo,950-1900,   418,1637,17,17,85.8418522360527,6,70.56,1.21657953849281,W
Archaeo,950-1900,   419,1637,17,17,75.6589226158234,8,84.31,.897389664521687,W
Archaeo,950-1900,   420,1637,17,17,67.4555338519911,6,70.56,.956002463888763,W
Archaeo,950-1900,   421,1637,17,17,75.8578476118406,7,77.77,.975412724853293,W
Archaeo,950-1900,   422,1637,17,17,102.652986608318,11,100.49,1.02152439654014,W
Archaeo,950-1900,   423,1637,17,17,83.9373318425968,8,84.31,.995579787007435,W
Archaeo,950-1900,   424,1637,17,17,79.0300956574254,6,70.56,1.12004103822882,W
Archaeo,950-1900,   425,1637,17,17,79,7,77.77,1.02,W
Archaeo,950-1900,   426,1637,17,17,58.4607349723485,5,62.6,.933877555468827,W
Archaeo,950-1900,   427,1637,17,17,76,6,70.56,1.08,W
Archaeo,950-1900,   428,1637,17,17,50.1405357412643,4,53.84,.931287810944731,W
Archaeo,950-1900,   429,1637,17,17,95.9903036481651,9,90.24,1.06372233652665,W
Archaeo,950-1900,   430,1637,17,17,71.5427949665456,7,77.77,.919927928076966,W
Archaeo,950-1900,   431,1637,17,17,71.5586624645707,7,77.77,.920131959168969,W
Archaeo,950-1900,   432,1637,17,17,55.1495282827216,5,62.6,.880982879915681,W
Archaeo,950-1900,   433,970,10,10.7,99.1662622348695,9,90.24,1.09891691306371,W
Archaeo,950-1900,   434,970,10,10.7,96.8530020532942,13,108.93,.889130653202003,W
Archaeo,950-1900,   435,970,10,10.7,94.7807451556143,13,108.93,.870106904944591,W
Archaeo,950-1900,   436,970,10,10.7,92.5832079276176,11,100.49,.921317622923849,W
Archaeo,950-1900,   437,970,10,10.7,83.3932025208838,12,104.92,.794826558529202,W
Archaeo,950-1900,   438,970,10,10.7,94.9163271655825,9,90.24,1.05182100139165,W
Archaeo,950-1900,   439,970,10,10.7,101.385512991857,11,100.49,1.00891146374622,W
Archaeo,950-1900,   440,970,10,10.7,89.3401926833783,12,104.92,.851507745743217,W
Archaeo,950-1900,   441,970,10,10.7,68.9479161784196,6,70.56,.977153007063771,W
Archaeo,950-1900,   442,970,10,10.7,89.3447266036851,8,84.31,1.05971683790399,W
Archaeo,950-1900,   443,970,10,10.7,44.412570954223,5,62.6,.709465989684074,W
Archaeo,950-1900,   444,970,10,10.7,88.6149141797311,7,77.77,1.13944855573783,W
Archaeo,950-1900,   445,970,10,10.7,87.9008958533605,16,118.86,.739533029222283,W
Archaeo,950-1900,   446,970,10,10.7,108.361807652723,16,118.86,.911675985636239,W
Archaeo,950-1900,   447,970,10,10.7,98.7635139684094,15,115.87,.852364839634154,W
Archaeo,950-1900,   448,970,10,10.7,85.092351415397,8,84.31,1.00927946169371,W
Archaeo,950-1900,   449,970,10,10.7,96.2868913649728,10,95.61,1.00707971305274,W
Archaeo,950-1900,   450,970,10,10.7,66.5165573279856,5,62.6,1.06256481354609,W
Archaeo,950-1900,   451,970,10,10.7,60.603229508552, , , ,W
Archaeo,950-1900,   452,970,10,10.7,46.9902762569579,11,100.49,.467611466384296,W
Archaeo,950-1900,   453,1812,19,19,109.432228730091,18,124.03,.882304512860525,W
Archaeo,950-1900,   454,1812,19,19,89.8678357000452,11,100.49,.894296305105435,W
Archaeo,950-1900,   455,1812,19,19,52.1586073638086,5,62.6,.833204590476176,W
Archaeo,950-1900,   456,1812,19,19,58.4988947397363,6,70.56,.829065968533677,W
Archaeo,950-1900,   457,1812,19,19,64.2546048842805,10,95.61,.672048999940179,W
Archaeo,950-1900,   458,1812,19,19,73.5156803121628,8,84.31,.871968690691054,W
Archaeo,950-1900,   459,1812,19,19,68.6936488899626,7,77.77,.883292386395302,W
Archaeo,950-1900,   460,1812,19,19,64,7,77.77,.82,W
Archaeo,950-1900,   461,1812,19,19,61,9,90.24,.68,W
Archaeo,950-1900,   462,1649,17,17,91.7282936144355,11,100.49,.912810166329341,W
Archaeo,950-1900,   463,1649,17,17,70.8133022898672,11,100.49,.70468009045544,W
Archaeo,950-1900,   464,1649,17,17,55.3801695456119,5,62.6,.884667245137571,W
Archaeo,950-1900,   465,1649,17,17,58.0927786871039,5,62.6,.9279996595384,W
Archaeo,950-1900,   466,1649,17,17,98.5034592094412,12,104.92,.938843492274506,W
Archaeo,950-1900,   467,1649,17,17,74.0676506409993,6,70.56,1.04971160205498,W
Archaeo,950-1900,   468,1649,17,17,61.3270396207278,5,62.6,.979665169660189,W
Archaeo,950-1900,   469,1649,17,17,62.3894049368396,5,62.6,.996635861610856,W
Archaeo,950-1900,   470,1649,17,17,73.1090281019528,9,90.24,.810162102193626,W
Archaeo,950-1900,   471,1550,16,16,80.3605616283521,8,84.31,.953155754102148,W
Archaeo,950-1900,   472,1550,16,16,63.3916417305636,5,62.6,1.01264603403456,W
Archaeo,950-1900,   473,1550,16,16,63.2180079136597,6,70.56,.895946824173182,W
Archaeo,950-1900,   474,1550,16,16,52.945203009656,5,62.6,.84577001612869,W
Archaeo,950-1900,   475,1550,16,16,55.7383152072644,5,62.6,.890388421841284,W
Archaeo,950-1900,   476,1550,16,16,55.463947539145,5,62.6,.88600555174353,W
Archaeo,950-1900,   477,1550,16,16,56.4066343806891,6,70.56,.799413752560786,W
Archaeo,950-1900,   478,1550,16,16,50.8047285004106,4,53.84,.943624229205249,W
Archaeo,950-1900,   479,1550,16,16,66.4501355320249,6,70.56,.941753621485614,W
Archaeo,950-1900,   480,1550,16,16,64.7846952750626,5,62.6,1.03489928554413,W
Archaeo,950-1900,   481,1550,16,16,89.7121787513021,7,77.77,1.15355765399643,W
Archaeo,950-1900,   482,1550,16,16,104.555773890307,14,112.56,.92888924920315,W
Archaeo,950-1900,   483,1550,16,16,70.3074354138524,6,70.56,.996420569924212,W
Archaeo,950-1900,   484,1550,16,16,62.3288188669362,5,62.6,.995668033018151,W
Archaeo,950-1900,   485,1550,16,16,76.4852815631387,9,90.24,.847576258456768,W
Archaeo,950-1900,   486,1550,16,16,69.3216190691799,6,70.56,.982449249846654,W
Archaeo,950-1900,   487,1550,16,16,78,8,84.31,.93,W
Archaeo,950-1900,   488,1550,16,16,98.6470984625521,9,90.24,1.09316376842367,W
Archaeo,950-1900,   489,1550,16,16,88.6459373362667,8,84.31,1.05142850594552,W
Archaeo,950-1900,   490,1550,16,16,80,7,77.77,1.03,W
Archaeo,950-1900,   491,1410,15,15,110.910534199209,12,104.92,1.0570962085323,W
Archaeo,950-1900,   492,1410,15,15,89.7244989574631,7,77.77,1.15371607248892,W
Archaeo,950-1900,   493,1410,15,15,105.644962096904,16,118.86,.888818459506178,W
Archaeo,950-1900,   494,1410,15,15,81.1895922789311,8,84.31,.962988877700523,W
Archaeo,950-1900,   495,1410,15,15,85.9335002221581,10,95.61,.898791969691016,W
Archaeo,950-1900,   496,1410,15,15,87.0488226894812,12,104.92,.829668534974087,W
Archaeo,950-1900,   497,1410,15,15,94.0766881905578,11,100.49,.936179601856482,W
Archaeo,950-1900,   498,1410,15,15,86.250945452991,11,100.49,.858303766076137,W
Archaeo,950-1900,   499,1410,15,15,84.6394118071479,14,112.56,.751949287554619,W
Archaeo,950-1900,   500,1410,15,15,84.6815480878395,10,95.61,.885697605771776,W
Archaeo,950-1900,   501,1410,15,15,103.383395073464,12,104.92,.985354508896907,W
Archaeo,950-1900,   502,1410,15,15,89.8801616297896,12,104.92,.856654228267152,W
Archaeo,950-1900,   503,1410,15,15,108.174536601557,13,108.93,.993064689264268,W
Archaeo,950-1900,   504,1410,15,15,89.9041660559015,12,104.92,.856883016163758,W
Archaeo,950-1900,   505,1410,15,15,94.6307440780616,16,118.86,.796152987363803,W
Archaeo,950-1900,   506,1410,15,15,86.5776956991464,10,95.61,.905529711318339,W
Archaeo,950-1900,   507,1410,15,15,84.4115902772866,11,100.49,.839999903246956,W
Archaeo,950-1900,   508,1410,15,15,83.7634892816128,10,95.61,.876095484589612,W
Archaeo,950-1900,   509,1410,15,15,65.5930434293297,6,70.56,.929606624565331,W
Archaeo,950-1900,   510,1410,15,15,78.3170764018246,10,95.61,.819130597236948,W
Archaeo,950-1900,   511,1410,15,15,92.8213152999639,11,100.49,.923687086276883,W
Archaeo,950-1900,   512,1410,15,15,88.2099416198141,11,100.49,.877798204993673,W
Archaeo,950-1900,   513,1410,15,15,99.6901572724561,10,95.61,1.04267500546445,W
Archaeo,950-1900,   514,1410,15,15,84.5736649010251,14,112.56,.751365182134196,W
Archaeo,950-1900,   515,1410,15,15,82.0905388947304,9,90.24,.909691255482385,W
Archaeo,950-1900,   516,1410,15,15,73.7198480512765,9,90.24,.816930940284536,W
Archaeo,950-1900,   517,1410,15,15,85.873253140368,10,95.61,.898161836004267,W
Archaeo,950-1900,   518,1410,15,15,96.4613914049203,10,95.61,1.00890483636566,W
Archaeo,950-1900,   519,1410,15,15,97.7914137567088,12,104.92,.932056936301075,W
Archaeo,950-1900,   520,1410,15,15,74.3369595602948,9,90.24,.823769498673479,W
Archaeo,950-1900,   521,1410,15,15,71.0507615341781,8,84.31,.842732315670479,W
Archaeo,950-1900,   522,1410,15,15,66.8183716611125,7,77.77,.859179267855375,W
Archaeo,950-1900,   523,1410,15,15,65.1956767383172,6,70.56,.923975010463679,W
Archaeo,950-1900,   524,1410,15,15,107.732935087723,10,95.61,1.12679568128568,W
Archaeo,950-1900,   525,1410,15,15,94.7195528186798,13,108.93,.869545146595794,W
Archaeo,950-1900,   526,1410,15,15,86.6040298651607,10,95.61,.905805144494935,W
Archaeo,950-1900,   527,1410,15,15,106.685542273278,12,104.92,1.01682750927638,W
Archaeo,950-1900,   528,1410,15,15,84,14,112.56,.75,W
Archaeo,950-1900,   529,1410,15,15, , , , ,W
Archaeo,950-1900,   530,1410,15,15,94.9663608234348,12,104.92,.905131155389199,W
Archaeo,950-1900,   531,1410,15,15,86.0290214460629,12,104.92,.819948736618975,W
Archaeo,950-1900,   532,1410,15,15,99.2222157080943,11,100.49,.987383975600501,W
Archaeo,950-1900,   533,1410,15,15,68.7208150866981,6,70.56,.97393445417656,W
Archaeo,950-1900,   534,1410,15,15,69.9177561613202,7,77.77,.899032482465221,W
Archaeo,950-1900,   535,1410,15,15,57.2408572053506,5,62.6,.914390690181319,W
Archaeo,950-1900,   536,1410,15,15,80.4669785071756,8,84.31,.954417963553263,W
Archaeo,950-1900,   537,1410,15,15,106.295174164428,13,108.93,.975811752175051,W
Archaeo,950-1900,   538,1410,15,15,108.272456508849,16,118.86,.910924251294369,W
Archaeo,950-1900,   539,1410,15,15,107.812267856955,20,128.29,.840379358149155,W
Archaeo,950-1900,   540,1410,15,15,93.7222354685776,10,95.61,.980255574402025,W
Archaeo,950-1900,   541,1410,15,15,57.5993014360776,6,70.56,.816316630329899,W
Archaeo,950-1900,   550,1621,17,17,103.072361434057,12,104.92,.982390025105382,W
Archaeo,950-1900,   551,1621,17,17,97.5764786173346,9,90.24,1.08129963006798,W
Archaeo,950-1900,   552,1621,17,17,101.8227226922,7,77.77,1.30928021977884,W
Archaeo,950-1900,   553,1621,17,17,56.7589862670828,3,44.18,1.28472128264108,W
Archaeo,950-1900,   554,1621,17,17,95.8444476627346,12,104.92,.913500263655496,W
Archaeo,950-1900,   555,1621,17,17,74.4828293998391,7,77.77,.957732151213053,W
Archaeo,950-1900,   556,1621,17,17, ,5,62.6, ,W
Archaeo,950-1900,   557,1621,17,17, ,5,62.6, ,W
Archaeo,950-1900,   558,1621,17,17, ,5,62.6, ,W
Archaeo,950-1900,   559,1621,17,17,52.2517984834538,5,62.6,.834693266508846,W
Archaeo,950-1900,   560,1554,16,16, ,12,104.92, ,W
Archaeo,950-1900,   561,1554,16,16, ,17,121.57, ,W
Archaeo,950-1900,   562,1554,16,16, ,14,112.56, ,W
Archaeo,950-1900,   563,1850,19,19, ,10,95.61, ,W
Archaeo,950-1900,   564,1850,19,19, ,7,77.77, ,W
Archaeo,950-1900,   565,1820,19,19,99.6351463138416,11,100.49,.991493146719491,W
Archaeo,950-1900,   566,1820,19,19,99.485989659556,11,100.49,.990008853214807,W
Archaeo,950-1900,   567,1820,19,19,92.4621086122357,13,108.93,.848821340422617,W
Archaeo,950-1900,   568,1795,18,18,122.735026309818,12,104.92,1.1697962858351,W
Archaeo,950-1900,   569,1795,18,18,87.3443933020983,9,90.24,.967912159819352,W
Archaeo,950-1900,   570,1795,18,18,91.2870484651931,11,100.49,.908419230422859,W
Archaeo,950-1900,   571,1795,18,18,107.420583619951,9,90.24,1.19038767309343,W
Archaeo,950-1900,   572,1795,18,18,103.446960654264,12,104.92,.98596035697926,W
Archaeo,950-1900,   573,1795,18,18,89.5223171815867,12,104.92,.853243587319736,W
Archaeo,950-1900,   574,1795,18,18,95.0978843045801,10,95.61,.994643701543563,W
Archaeo,950-1900,   575,1795,18,18,101.818027948074,14,112.56,.904566701741949,W
Archaeo,950-1900,   576,1795,18,18,85.4253300895446,9,90.24,.94664594514123,W
Archaeo,950-1900,   577,1795,18,18,50.2449441691109,3,44.18,1.13727804819174,W
Archaeo,950-1900,   578,1795,18,18,49.5320725425074,3,44.18,1.12114242966291,W
Archaeo,950-1900,   579,1795,18,18,82.6928649740861,11,100.49,.822896457101065,W
Archaeo,950-1900,   580,1795,18,18,79.8220306940415,10,95.61,.834871150444948,W
Archaeo,950-1900,   581,1770,18,18,95.3628048935917,16,118.86,.802312004825776,W
Archaeo,950-1900,   582,1770,18,18,114.46760766551,14,112.56,1.01694747392955,W
Archaeo,950-1900,   583,1770,18,18,55.7808187836047,3,44.18,1.26258077826176,W
Archaeo,950-1900,   584,1770,18,18,79.6707546415645,9,90.24,.882876270407408,W
Archaeo,950-1900,   585,1770,18,18,47.0831694300271,5,62.6,.752127307188931,W
Archaeo,950-1900,   586,1770,18,18,68.6442524871637,5,62.6,1.09655355410805,W
Archaeo,950-1900,   587,1744,18,18,80.2342149942503,11,100.49,.798429843708332,W
Archaeo,950-1900,   588,1744,18,18,97.8002138957622,13,108.93,.897826254436448,W
Archaeo,950-1900,   589,1744,18,18,86.8281727819579,12,104.92,.827565504974818,W
Archaeo,950-1900,   590,1744,18,18,98.7229989047136,12,104.92,.940935940761662,W
Archaeo,950-1900,   591,1744,18,18,89.3303777044543,7,77.77,1.14864829245794,W
Archaeo,950-1900,   592,1744,18,18,86.7993978352175,9,90.24,.961872759698776,W
Archaeo,950-1900,   593,1744,18,18,85.3460939020613,13,108.93,.78349484900451,W
Archaeo,950-1900,   594,1744,18,18,86.7386591185931,14,112.56,.770599316973997,W
Archaeo,950-1900,   595,1744,18,18,93.179690341589,11,100.49,.927253361942373,W
Archaeo,950-1900,   596,1744,18,18,104.92623729239,13,108.93,.963244627672725,W
Archaeo,950-1900,   597,1744,18,18,58.3248946071787,5,62.6,.931707581584324,W
Archaeo,950-1900,   598,1744,18,18,98.7518022249391,13,108.93,.906562032726881,W
Archaeo,950-1900,   599,1744,18,18,52.9269495116953,5,62.6,.845478426704398,W
Archaeo,950-1900,   600,1744,18,18,81.6916048423131,10,95.61,.854425319969806,W
Archaeo,950-1900,   601,1744,18,18,113.916549097188,11,100.49,1.13361079806137,W
Archaeo,950-1900,   602,1744,18,18,85.0756387403203,11,100.49,.846608008163203,W
Archaeo,950-1900,   603,1710,18,18,102.117997621324,10,95.61,1.06806816882464,W
Archaeo,950-1900,   604,1710,18,18,98.4513262752461,15,115.87,.849670546951291,W
Archaeo,950-1900,   605,1710,18,18,107.286543068967,12,104.92,1.02255569070689,W
Archaeo,950-1900,   606,1710,18,18,99.4052178303437,12,104.92,.947438217978876,W
Archaeo,950-1900,   607,1710,18,18,83.8018624884201,9,90.24,.928655391050754,W
Archaeo,950-1900,   608,1710,18,18,99.1636297117421,10,95.61,1.03716797104636,W
Archaeo,950-1900,   609,1710,18,18,112.482913112174,13,108.93,1.0326164795022,W
Archaeo,950-1900,   610,1710,18,18,76.9962888033491,11,100.49,.766208466547409,W
Archaeo,950-1900,   611,1710,18,18,112.33799934523,14,112.56,.998027712733032,W
Archaeo,950-1900,   612,1710,18,18,102.559438531855,12,104.92,.977501320356985,W
Archaeo,950-1900,  139A,925,10,10.2,66.6,8,84.31,.79,NW
Archaeo,950-1900,  139B,925,10,10.2,58.7,8,84.31,.7,NW
Archaeo,950-1900,  141A,925,10,10.2,71.8,8,84.31,.85,NW
Archaeo,950-1900,  141B,925,10,10.2,61.6,8,84.31,.73,NW
Archaeo,950-1900,  142A,925,10,10.2,100,17,121.57,.82,NW
Archaeo,950-1900,  142B,925,10,10.2,50.5,6,70.56,.72,NW
Archaeo,950-1900,  143A,925,10,10.2,62.2,6,70.56,.88,NW
Archaeo,950-1900,  143B,925,10,10.2,73.5,7,77.77,.95,NW
hooks,2000-2010, ,2000,21,21,82, , , ,NW
hooks,2000-2010, ,2000,21,21,54,5,62.6,.862619808306709,NW
hooks,2000-2010, ,2000,21,21,55,5,62.6,.878594249201278,NW
hooks,2000-2010, ,2000,21,21,58,5,62.6,.926517571884984,NW
hooks,2000-2010, ,2000,21,21,65,5,62.6,1.03833865814696,W
hooks,2000-2010, ,2000,21,21,73,5,62.6,1.16613418530351,W
hooks,2000-2010, ,2000,21,21,61,6,70.56,.864512471655329,W
hooks,2000-2010, ,2000,21,21,72,6,70.56,1.02040816326531,W
hooks,2000-2010, ,2000,21,21,81,6,70.56,1.14795918367347,W
hooks,2000-2010, ,2000,21,21,70,7,77.77,.9000900090009,W
hooks,2000-2010, ,2000,21,21,80,8,84.31,.948879136519986,W
hooks,2000-2010, ,2001,21,21,43,2, , ,W
hooks,2000-2010, ,2001,21,21,49,3,44.18,1.1090991398823,W
hooks,2000-2010, ,2001,21,21,44,4,53.84,.817236255572065,W
hooks,2000-2010, ,2001,21,21,50,4,53.84,.928677563150074,NW
hooks,2000-2010, ,2001,21,21,52,4,53.84,.965824665676077,W
hooks,2000-2010, ,2001,21,21,55,4,53.84,1.02154531946508,NW
hooks,2000-2010, ,2001,21,21,68,4,53.84,1.2630014858841,W
hooks,2000-2010, ,2001,21,21,52,5,62.6,.830670926517572,W
hooks,2000-2010, ,2001,21,21,64,5,62.6,1.0223642172524,W
hooks,2000-2010, ,2001,21,21,68,5,62.6,1.08626198083067,W
hooks,2000-2010, ,2001,21,21,56,6,70.56,.793650793650794,NW
hooks,2000-2010, ,2001,21,21,58,6,70.56,.821995464852608,NW
hooks,2000-2010, ,2001,21,21,67,6,70.56,.949546485260771,NW
hooks,2000-2010, ,2001,21,21,69,6,70.56,.977891156462585,W
hooks,2000-2010, ,2001,21,21,78,6,70.56,1.10544217687075,W
hooks,2000-2010, ,2001,21,21,71,7,77.77,.912948437700913,NW
hooks,2000-2010, ,2001,21,21,72,7,77.77,.925806866400926,NW
hooks,2000-2010, ,2001,21,21,79,7,77.77,1.01581586730102,NW
hooks,2000-2010, ,2001,21,21,69,8,84.31,.818408255248488,W
hooks,2000-2010, ,2001,21,21,82,8,84.31,.972601114932985,NW
hooks,2000-2010, ,2002,21,21,64, , , ,NW
hooks,2000-2010, ,2002,21,21,73, , , ,NW
hooks,2000-2010, ,2002,21,21,75, , , ,NW
hooks,2000-2010, ,2002,21,21,76, , , ,NW
hooks,2000-2010, ,2002,21,21,46,3,44.18,1.04119511090991,W
hooks,2000-2010, ,2002,21,21,47,4,53.84,.87295690936107,NW
hooks,2000-2010, ,2002,21,21,55,4,53.84,1.02154531946508,NW
hooks,2000-2010, ,2002,21,21,56,4,53.84,1.04011887072808,NW
hooks,2000-2010, ,2002,21,21,65,4,53.84,1.2072808320951,W
hooks,2000-2010, ,2002,21,21,70,4,53.84,1.3001485884101,W
hooks,2000-2010, ,2002,21,21,59,5,62.6,.942492012779553,NW
hooks,2000-2010, ,2002,21,21,66,5,62.6,1.05431309904153,W
hooks,2000-2010, ,2002,21,21,72,5,62.6,1.15015974440895,W
hooks,2000-2010, ,2002,21,21,84,5,62.6,1.34185303514377,NW
hooks,2000-2010, ,2002,21,21,88,5,62.6,1.40575079872204,W
hooks,2000-2010, ,2002,21,21,53,6,70.56,.751133786848073,NW
hooks,2000-2010, ,2002,21,21,79,6,70.56,1.11961451247166,W
hooks,2000-2010, ,2002,21,21,87,7,77.77,1.11868329690112,NW
hooks,2000-2010, ,2002,21,21,87,7,77.77,1.11868329690112,W
hooks,2000-2010, ,2003,21,21,55, , , ,W
hooks,2000-2010, ,2003,21,21,60, , , ,NW
hooks,2000-2010, ,2003,21,21,65, , , ,W
hooks,2000-2010, ,2003,21,21,66, , , ,NW
hooks,2000-2010, ,2003,21,21,75, , , ,W
hooks,2000-2010, ,2003,21,21,29,3,44.18,.656405613399728,NW
hooks,2000-2010, ,2003,21,21,47,3,44.18,1.06382978723404,NW
hooks,2000-2010, ,2003,21,21,50,3,44.18,1.13173381620643,W
hooks,2000-2010, ,2003,21,21,46,4,53.84,.854383358098068,W
hooks,2000-2010, ,2003,21,21,49,4,53.84,.910104011887073,NW
hooks,2000-2010, ,2003,21,21,51,4,53.84,.947251114413076,NW
hooks,2000-2010, ,2003,21,21,53,4,53.84,.984398216939079,W
hooks,2000-2010, ,2003,21,21,54,4,53.84,1.00297176820208,NW
hooks,2000-2010, ,2003,21,21,55,4,53.84,1.02154531946508,W
hooks,2000-2010, ,2003,21,21,55,4,53.84,1.02154531946508,W
hooks,2000-2010, ,2003,21,21,64,4,53.84,1.1887072808321,NW
hooks,2000-2010, ,2003,21,21,53,5,62.6,.846645367412141,NW
hooks,2000-2010, ,2003,21,21,55,5,62.6,.878594249201278,NW
hooks,2000-2010, ,2003,21,21,55,5,62.6,.878594249201278,NW
hooks,2000-2010, ,2003,21,21,60,5,62.6,.958466453674121,W
hooks,2000-2010, ,2003,21,21,66,5,62.6,1.05431309904153,W
hooks,2000-2010, ,2003,21,21,75,5,62.6,1.19808306709265,W
hooks,2000-2010, ,2003,21,21,63,6,70.56,.892857142857143,W
hooks,2000-2010, ,2003,21,21,72,6,70.56,1.02040816326531,W
hooks,2000-2010, ,2003,21,21,74,6,70.56,1.04875283446712,W
hooks,2000-2010, ,2003,21,21,62,7,77.77,.797222579400797,NW
hooks,2000-2010, ,2003,21,21,77,7,77.77,.99009900990099,W
hooks,2000-2010, ,2003,21,21,105,7,77.77,1.35013501350135,NW
hooks,2000-2010, ,2004,21,21,48, , , ,NW
hooks,2000-2010, ,2004,21,21,49, , , ,W
hooks,2000-2010, ,2004,21,21,57, , , ,NW
hooks,2000-2010, ,2004,21,21,58, , , ,W
hooks,2000-2010, ,2004,21,21,61, , , ,NW
hooks,2000-2010, ,2004,21,21,63, , , ,W
hooks,2000-2010, ,2004,21,21,64, , , ,W
hooks,2000-2010, ,2004,21,21,65, , , ,NW
hooks,2000-2010, ,2004,21,21,66, , , ,W
hooks,2000-2010, ,2004,21,21,80, , , ,W
hooks,2000-2010, ,2004,21,21,43,2, , ,W
hooks,2000-2010, ,2004,21,21,48,4,53.84,.891530460624071,W
hooks,2000-2010, ,2004,21,21,50,4,53.84,.928677563150074,W
hooks,2000-2010, ,2004,21,21,52,4,53.84,.965824665676077,W
hooks,2000-2010, ,2004,21,21,55,4,53.84,1.02154531946508,W
hooks,2000-2010, ,2004,21,21,55,4,53.84,1.02154531946508,W
hooks,2000-2010, ,2004,21,21,64,4,53.84,1.1887072808321,W
hooks,2000-2010, ,2004,21,21,65,4,53.84,1.2072808320951,W
hooks,2000-2010, ,2004,21,21,67,5,62.6,1.0702875399361,NW
hooks,2000-2010, ,2004,21,21,70,5,62.6,1.11821086261981,W
hooks,2000-2010, ,2004,21,21,63,7,77.77,.81008100810081,NW
hooks,2000-2010, ,2004,21,21,75,7,77.77,.964382152500964,NW
hooks,2000-2010, ,2005,21,21,55, , , ,W
hooks,2000-2010, ,2005,21,21,55, , , ,W
hooks,2000-2010, ,2005,21,21,87, , , ,W
hooks,2000-2010, ,2005,21,21,88, , , ,W
hooks,2000-2010, ,2005,21,21,47,3,44.18,1.06382978723404,NW
hooks,2000-2010, ,2005,21,21,47,3,44.18,1.06382978723404,W
hooks,2000-2010, ,2005,21,21,52,4,53.84,.965824665676077,W
hooks,2000-2010, ,2005,21,21,55,4,53.84,1.02154531946508,W
hooks,2000-2010, ,2005,21,21,50,5,62.6,.798722044728434,W
hooks,2000-2010, ,2005,21,21,56,5,62.6,.894568690095847,NW
hooks,2000-2010, ,2005,21,21,58,5,62.6,.926517571884984,NW
hooks,2000-2010, ,2005,21,21,61,5,62.6,.97444089456869,NW
hooks,2000-2010, ,2005,21,21,62,5,62.6,.990415335463259,W
hooks,2000-2010, ,2005,21,21,62,5,62.6,.990415335463259,W
hooks,2000-2010, ,2005,21,21,67,5,62.6,1.0702875399361,NW
hooks,2000-2010, ,2005,21,21,56,6,70.56,.793650793650794,NW
hooks,2000-2010, ,2005,21,21,64,6,70.56,.90702947845805,W
hooks,2000-2010, ,2005,21,21,66,6,70.56,.935374149659864,W
hooks,2000-2010, ,2005,21,21,69,6,70.56,.977891156462585,W
hooks,2000-2010, ,2005,21,21,70,6,70.56,.992063492063492,NW
hooks,2000-2010, ,2005,21,21,71,6,70.56,1.0062358276644,NW
hooks,2000-2010, ,2005,21,21,74,6,70.56,1.04875283446712,NW
hooks,2000-2010, ,2005,21,21,87,6,70.56,1.23299319727891,W
hooks,2000-2010, ,2005,21,21,64,7,77.77,.822939436800823,W
hooks,2000-2010, ,2005,21,21,67,7,77.77,.861514722900862,NW
hooks,2000-2010, ,2005,21,21,67,7,77.77,.861514722900862,W
hooks,2000-2010, ,2005,21,21,52,8,84.31,.616771438737991,NW
hooks,2000-2010, ,2006,21,21,50, , , ,NW
hooks,2000-2010, ,2006,21,21,52, , , ,W
hooks,2000-2010, ,2006,21,21,54, , , ,NW
hooks,2000-2010, ,2006,21,21,57, , , ,W
hooks,2000-2010, ,2006,21,21,57, , , ,W
hooks,2000-2010, ,2006,21,21,62, , , ,NW
hooks,2000-2010, ,2006,21,21,87, , , ,W
hooks,2000-2010, ,2006,21,21,95, , , ,NW
hooks,2000-2010, ,2006,21,21,42,3,44.18,.9506564056134,NW
hooks,2000-2010, ,2006,21,21,51,4,53.84,.947251114413076,NW
hooks,2000-2010, ,2006,21,21,55,4,53.84,1.02154531946508,NW
hooks,2000-2010, ,2006,21,21,57,5,62.6,.910543130990415,NW
hooks,2000-2010, ,2006,21,21,71,6,70.56,1.0062358276644,W
hooks,2000-2010, ,2006,21,21,73,6,70.56,1.03458049886621,W
hooks,2000-2010, ,2006,21,21,80,7,77.77,1.02867429600103,W
hooks,2000-2010, ,2006,21,21,88,7,77.77,1.13154172560113,W
hooks,2000-2010, ,2006,21,21,93,9,90.24,1.03058510638298,W
hooks,2000-2010, ,2007,21,21,95, , , ,W
hooks,2000-2010, ,2007,21,21,63,4,53.84,1.17013372956909,W
hooks,2000-2010, ,2007,21,21,63,4,53.84,1.17013372956909,W
hooks,2000-2010, ,2007,21,21,69,4,53.84,1.2815750371471,W
hooks,2000-2010, ,2007,21,21,54,5,62.6,.862619808306709,NW
hooks,2000-2010, ,2007,21,21,74,5,62.6,1.18210862619808,W
hooks,2000-2010, ,2007,21,21,61,6,70.56,.864512471655329,NW
hooks,2000-2010, ,2007,21,21,64,6,70.56,.90702947845805,W
hooks,2000-2010, ,2007,21,21,80,8,84.31,.948879136519986,W
hooks,2000-2010, ,2007,21,21,80,8,84.31,.948879136519986,W
hooks,2000-2010, ,2007,21,21,89,8,84.31,1.05562803937848,NW
hooks,2000-2010, ,2008,21,21,60, , , ,NW
hooks,2000-2010, ,2008,21,21,81, , , ,W
hooks,2000-2010, ,2008,21,21,52,5,62.6,.830670926517572,W
hooks,2000-2010, ,2008,21,21,63,5,62.6,1.00638977635783,W
hooks,2000-2010, ,2008,21,21,67,5,62.6,1.0702875399361,W
hooks,2000-2010, ,2008,21,21,73,5,62.6,1.16613418530351,W
hooks,2000-2010, ,2008,21,21,69,6,70.56,.977891156462585,W
hooks,2000-2010, ,2008,21,21,69,6,70.56,.977891156462585,W
hooks,2000-2010, ,2008,21,21,71,6,70.56,1.0062358276644,W
hooks,2000-2010, ,2008,21,21,71,6,70.56,1.0062358276644,W
hooks,2000-2010, ,2008,21,21,75,6,70.56,1.06292517006803,W
hooks,2000-2010, ,2008,21,21,57,7,77.77,.732930435900733,NW
hooks,2000-2010, ,2008,21,21,64,7,77.77,.822939436800823,NW
hooks,2000-2010, ,2009,21,21,63, , , ,W
hooks,2000-2010, ,2009,21,21,72, , , ,W
hooks,2000-2010, ,2009,21,21,80, , , ,W
hooks,2000-2010, ,2009,21,21,44,3,44.18,.995925758261657,W
hooks,2000-2010, ,2009,21,21,44,3,44.18,.995925758261657,W
hooks,2000-2010, ,2009,21,21,45,3,44.18,1.01856043458579,W
hooks,2000-2010, ,2009,21,21,52,4,53.84,.965824665676077,W
hooks,2000-2010, ,2009,21,21,68,5,62.6,1.08626198083067,W
hooks,2000-2010, ,2009,21,21,75,6,70.56,1.06292517006803,W
hooks,2000-2010, ,2009,21,21,79,6,70.56,1.11961451247166,W
hooks,2000-2010, ,2009,21,21,82,6,70.56,1.16213151927438,W
hooks,2000-2010, ,2009,21,21,84,7,77.77,1.08010801080108,W
hooks,2000-2010, ,2010,21,21,61, , , ,W
hooks,2000-2010, ,2010,21,21,68, , , ,W
hooks,2000-2010, ,2010,21,21,78, , , ,W
hooks,2000-2010, ,2010,21,21,94, , , ,W
hooks,2000-2010, ,2010,21,21,95, , , ,W
hooks,2000-2010, ,2010,21,21,96, , , ,W
hooks,2000-2010, ,2010,21,21,48,4,53.84,.891530460624071,NW
hooks,2000-2010, ,2010,21,21,55,4,53.84,1.02154531946508,NW
hooks,2000-2010, ,2010,21,21,60,4,53.84,1.11441307578009,NW
hooks,2000-2010, ,2010,21,21,62,4,53.84,1.15156017830609,W
hooks,2000-2010, ,2010,21,21,67,4,53.84,1.2444279346211,W
hooks,2000-2010, ,2010,21,21,60,5,62.6,.958466453674121,W
hooks,2000-2010, ,2010,21,21,61,5,62.6,.97444089456869,NW
hooks,2000-2010, ,2010,21,21,70,6,70.56,.992063492063492,W
hooks,2000-2010, ,2010,21,21,72,6,70.56,1.02040816326531,W
hooks,2000-2010, ,2010,21,21,74,6,70.56,1.04875283446712,W
hooks,2000-2010, ,2010,21,21,80,8,84.31,.948879136519986,W
hooks,2000-2010, ,2010,21,21,86,8,84.31,1.02004507175898,W
hooks,2000-2010, ,2010,21,21,90,8,84.31,1.06748902858498,W
hooks,2000-2010, ,2010,21,21,92,8,84.31,1.09121100699798,NW
hooks,2000-2010, ,2010,21,21,91,9,90.24,1.0084219858156,NW
RV Fall,2000-2010, ,2000,21,21,33,2,33.5223741718385,.98441714870311,NW
RV Fall,2000-2010, ,2010,21,21,33,3,44.1797856192861,.746947943214878,W
RV Fall,2000-2010, ,2005,21,21,35,2,33.5223741718385,1.04407879407906,W
RV Fall,2000-2010, ,2010,21,21,36,2,33.5223741718385,1.07390961676703,NW
RV Fall,2000-2010, ,2009,21,21,38,2,33.5223741718385,1.13357126214298,NW
RV Fall,2000-2010, ,2000,21,21,40,2,33.5223741718385,1.19323290751892,NW
RV Fall,2000-2010, ,2008,21,21,40,2,33.5223741718385,1.19323290751892,NW
RV Fall,2000-2010, ,2008,21,21,40,3,44.1797856192861,.905391446321064,NW
RV Fall,2000-2010, ,2007,21,21,42,7,77.7703225354224,.540051765644537,NW
RV Fall,2000-2010, ,2008,21,21,42,2,33.5223741718385,1.25289455289487,W
RV Fall,2000-2010, ,2010,21,21,45,3,44.1797856192861,1.0185653771112,NW
RV Fall,2000-2010, ,2008,21,21,46,3,44.1797856192861,1.04120016326922,W
RV Fall,2000-2010, ,2005,21,21,48,3,44.1797856192861,1.08646973558528,NW
RV Fall,2000-2010, ,2007,21,21,51,4,53.8451611961644,.947160317975479,NW
RV Fall,2000-2010, ,2001,21,21,52,3,44.1797856192861,1.17700888021738,W
RV Fall,2000-2010, ,2001,21,21,53,3,44.1797856192861,1.19964366637541,NW
RV Fall,2000-2010, ,2004,21,21,53,4,53.8451611961644,.984303859856871,NW
RV Fall,2000-2010, ,2006,21,21,54,4,53.8451611961644,1.00287563079757,W
RV Fall,2000-2010, ,2008,21,21,54,4,53.8451611961644,1.00287563079757,NW
RV Fall,2000-2010, ,2004,21,21,55,3,44.1797856192861,1.24491323869146,NW
RV Fall,2000-2010, ,2000,21,21,56,5,62.6108436982216,.894413757941273,W
RV Fall,2000-2010, ,2002,21,21,57,3,44.1797856192861,1.29018281100752,W
RV Fall,2000-2010, ,2010,21,21,57,4,53.8451611961644,1.05859094361965,W
RV Fall,2000-2010, ,2004,21,21,59,7,77.7703225354224,.75864414697685,NW
RV Fall,2000-2010, ,2009,21,21,60,4,53.8451611961644,1.11430625644174,NW
RV Fall,2000-2010, ,2000,21,21,63,5,62.6108436982216,1.00621547768393,NW
RV Fall,2000-2010, ,2006,21,21,64,6,70.5605802724198,.907022019276334,NW
RV Fall,2000-2010, ,2007,21,21,64,6,70.5605802724198,.907022019276334,NW
RV Fall,2000-2010, ,2010,21,21,65,5,62.6108436982216,1.03815882618183,NW
RV Fall,2000-2010, ,2001,21,21,67,4,53.8451611961644,1.24430865302661,NW
RV Fall,2000-2010, ,2000,21,21,68,5,62.6108436982216,1.08607384892869,NW
RV Fall,2000-2010, ,2009,21,21,71,10,95.6169385809954,.742546258577994,NW
RV Fall,2000-2010, ,2009,21,21,74,6,70.5605802724198,1.04874420978826,NW
RV Fall,2000-2010, ,2005,21,21,75,6,70.5605802724198,1.06291642883945,W
RV Fall,2000-2010, ,2008,21,21,77,6,70.5605802724198,1.09126086694184,NW
RV Fall,2000-2010, ,2004,21,21,81,5,62.6108436982216,1.29370561416506,W
RV Fall,2000-2010, ,2001,21,21,82,6,70.5605802724198,1.1621219621978,NW
RV Fall,2000-2010, ,2009,21,21,83,6,70.5605802724198,1.176294181249,W
RV Fall,2000-2010, ,2010,21,21,86,7,77.7703225354224,1.10582028203405,NW
RV Fall,2000-2010, ,2003,21,21,90,8,84.3089522137485,1.06750229527018,NW
RV Fall,2000-2010, ,2001,21,21,103,11,100.494331534739,1.02493343084127,NW
RV Fall,2000-2010, ,2003,21,21,107,10,95.6169385809954,1.11904858687106,NW
RV Spring,2000-2010, ,2009,21,21,43,3,44.1797856192861,.973295804795144,NW
RV Spring,2000-2010, ,2001,21,21,47,3,44.1797856192861,1.06383494942725,W
RV Spring,2000-2010, ,2007,21,21,47,5,62.6108436982216,.750668689700711,W
RV Spring,2000-2010, ,2002,21,21,48,4,53.8451611961644,.891445005153392,NW
RV Spring,2000-2010, ,2004,21,21,51,5,62.6108436982216,.814555386696516,NW
RV Spring,2000-2010, ,2004,21,21,52,4,53.8451611961644,.965732088916175,NW
RV Spring,2000-2010, ,2001,21,21,55,6,70.5605802724198,.779472047815599,NW
RV Spring,2000-2010, ,2000,21,21,61,5,62.6108436982216,.974272129186029,W
RV Spring,2000-2010, ,2004,21,21,61,5,62.6108436982216,.974272129186029,NW
RV Spring,2000-2010, ,2006,21,21,63,5,62.6108436982216,1.00621547768393,W
RV Spring,2000-2010, ,2007,21,21,63,5,62.6108436982216,1.00621547768393,NW
RV Spring,2000-2010, ,2000,21,21,66,5,62.6108436982216,1.05413050043079,NW
RV Spring,2000-2010, ,2003,21,21,67,6,70.5605802724198,.949538676429912,NW
RV Spring,2000-2010, ,2000,21,21,70,7,77.7703225354224,.900086276074228,W
RV Spring,2000-2010, ,2001,21,21,70,6,70.5605802724198,.99205533358349,W
RV Spring,2000-2010, ,2002,21,21,70,9,90.2389392383444,.775718338345178,NW
RV Spring,2000-2010, ,2008,21,21,71,5,62.6108436982216,1.13398887167554,W
RV Spring,2000-2010, ,2005,21,21,79,8,84.3089522137485,.937029792514931,NW
RV Spring,2000-2010, ,2010,21,21,82,7,77.7703225354224,1.0543867805441,W
RV Spring,2000-2010, ,2007,21,21,83,10,95.6169385809954,.868047034675683,W
RV Spring,2000-2010, ,2008,21,21,89,7,77.7703225354224,1.14439540815152,W
RV Spring,2000-2010, ,2009,21,21,99,7,77.7703225354224,1.27297916187641,W
RV Spring,2000-2010, ,2001,21,21,102,14,112.567573014607,.906122405133173,NW
