Data_source,CAMHID,Site,SiteCode,Region,Year,Century,century_recode,d13C_whole_oto,d18O_whole_oto,d13C_juv,d18O_juv,d13C_adult,d18O_adult,Age_yr,Oto_section_diameter_mm,Estimated_fishlength_cm,VonB_fishlength_cm,VonB_residual,G_index,O18_Reynolds
CAMH,1,Grænagerði,GNR,NW,1050,11,11,-0.91,3.7, , , , ,7,6.71,53.90967054,77.77,-3.408618494,0.693193655,3.31
CAMH,2,Grænagerði,GNR,NW,1050,11,11,-1.5,3.61, , , , ,6,7.33,60.82690854,70.56,-1.622181909,0.862059361,3.31
CAMH,3,Grænagerði,GNR,NW,1050,11,11,-0.73,3.33, , , , ,6,7.28,60.26083974,70.56,-1.71652671,0.854036844,3.31
CAMH,5,Grænagerði,GNR,NW,1050,11,11,-0.97,3.72, , , , ,12,7.39,61.5080584,104.92,-3.6176618,0.58623769,3.31
CAMH,6,Grænagerði,GNR,NW,1050,11,11, , , , , , ,9,8.84,78.56290053,90.24,-1.297455496,0.870599518,3.31
CAMH,7,Grænagerði,GNR,NW,1050,11,11,-0.8,3.56, , , , ,12,7.18,59.13297186,104.92,-3.815585678,0.563600571,3.31
CAMH,8,Grænagerði,GNR,NW,1050,11,11,-2.06,3.13, , , , ,7,6.59,52.59702636,77.77,-3.596139091,0.676315113,3.31
CAMH,9,Grænagerði,GNR,NW,1050,11,11,-2.05,2.9, , , , ,16,10.47,98.99445803,118.86,-1.241596373,0.832866044,3.31
CAMH,10,Grænagerði,GNR,NW,1050,11,11,-1.93,3.41, , , , ,6,7.25,59.92188022,70.56,-1.773019963,0.849232996,3.31
CAMH,11,Grænagerði,GNR,NW,1050,11,11,-1.17,3.56, , , , ,10,9.55,87.30685029,95.61,-0.830314971,0.913156054,3.31
CAMH,12,Grænagerði,GNR,NW,1050,11,11,-1.61,3.43, , , , ,7,6.17,48.07211713,77.77,-4.242554695,0.618131891,3.31
CAMH,13,Grænagerði,GNR,NW,1050,11,11,-1.79,4.41, , , , ,15,10.9,104.5895541,115.87,-0.752029728,0.902645673,3.31
CAMH,14,Grænagerði,GNR,NW,1050,11,11,-1.53,4.09, , , , ,10,8.35,72.67540166,95.61,-2.293459834,0.760123435,3.31
CAMH,15,Grænagerði,GNR,NW,1050,11,11,-0.4,3.76, , , , ,7,7.29,60.37394,77.77,-2.485151428,0.776314003,3.31
CAMH,16,Gufuskalar,GFS,W,1470,15,15,-1.14,4.08, , , , ,14,10.41,98.22033514,112.56,-1.024261776,0.872604257,3.58
CAMH,17,Gufuskalar,GFS,W,1470,15,15,-1.01,4.41, , , , ,16,9.8,90.44374452,118.86,-1.776015967,0.760926674,3.58
CAMH,18,Gufuskalar,GFS,W,1470,15,15,-0.28,3.95, , , , ,15,9.7,89.18542869,115.87,-1.778971421,0.7697025,3.58
CAMH,19,Gufuskalar,GFS,W,1470,15,15,-0.96,3.04, , , , ,9,8.1,69.71949793,90.24,-2.280055786,0.772600819,3.58
CAMH,20,Gufuskalar,GFS,W,1470,15,15,-0.43,2.96, , , , ,13,10.4,98.0914731,108.93,-0.833732839,0.900500074,3.58
CAMH,21,Gufuskalar,GFS,W,1470,15,15,-0.61,3.21, , , , ,16,11.23,108.9387687,118.86,-0.620076957,0.916530108,3.58
CAMH,22,Gufuskalar,GFS,W,1470,15,15,-1.56,4.19, , , , ,23,9.8,90.44374452,133.3,-1.863315456,0.678497708,3.58
CAMH,23,Gufuskalar,GFS,W,1470,15,15,-0.36,3.55, , , , ,11,9.9,91.70676863,100.49,-0.798475579,0.912595966,3.58
CAMH,24,Gufuskalar,GFS,W,1470,15,15,-1,3.22, , , , ,9,8.68,76.6269712,90.24,-1.512558755,0.849146401,3.58
CAMH,25,Gufuskalar,GFS,W,1470,15,15,-0.6,3.31, , , , ,8,8.3,72.08159522,84.31,-1.528550597,0.854959023,3.58
CAMH,26,Gufuskalar,GFS,W,1470,15,15,-0.91,3.12, , , , ,15,10.84,103.8039105,115.87,-0.804405965,0.895865285,3.58
CAMH,27,Gufuskalar,GFS,W,1470,15,15,0.06,3.41, , , , ,9,11.18,108.2767518,90.24,2.004083532,1.199875352,3.58
CAMH,28,Gufuskalar,GFS,W,1470,15,15,-0.64,3.11, , , , ,8,10.6,100.6772924,84.31,2.045911548,1.194132278,3.58
CAMH,29,Gufuskalar,GFS,W,1470,15,15,-1.39,3.16, , , , ,13,9.63,88.30742545,108.93,-1.586351888,0.810680487,3.58
CAMH,30,Gufuskalar,GFS,W,1470,15,15,-0.63,2.84, , , , ,8,9.74,89.68818807,84.31,0.672273509,1.063790631,3.58
CAMH,31,Gufuskalar,GFS,W,1470,15,15,-1.13,3.91, , , , ,14,10.8,103.2810311,112.56,-0.662783491,0.917564242,3.58
CAMH,32,Gufuskalar,GFS,W,1470,15,15,0,4.16, , , , ,13,10.3,96.80535103,108.93,-0.932665305,0.888693207,3.58
CAMH,33,Gufuskalar,GFS,W,1470,15,15,-2.42,4.78, , , , ,20,10.59,100.547574,128.29,-1.387121298,0.783752234,3.58
CAMH,34,Gufuskalar,GFS,W,1470,15,15,-1.84,4.02, , , , ,13,10.71,102.1071448,108.93,-0.524835015,0.937364774,3.58
CAMH,35,Gufuskalar,GFS,W,1470,15,15,0.09,4.13, , , , ,10,9.7,89.18542869,95.61,-0.642457131,0.9328044,3.58
CAMH,36,Gufuskalar,GFS,W,1470,15,15,0.2,4.06, , , , ,15,9.4,85.43904064,115.87,-2.028730624,0.737369816,3.58
CAMH,37,Gufuskalar,GFS,W,1470,15,15,-1.45,4.29, , , , ,18,10.88,104.3274966,124.03,-1.094583524,0.841147275,3.58
CAMH,38,Gufuskalar,GFS,W,1470,15,15,-1.95,4.06, , , , ,12,10.17,95.14021683,104.92,-0.814981931,0.906788189,3.58
CAMH,39,Gufuskalar,GFS,W,1470,15,15,-1.76,4.43, , , , ,9,9.57,87.55670755,90.24,-0.298143605,0.970264933,3.58
CAMH,40,Gufuskalar,GFS,W,1470,15,15,-1.27,3.9, , , , ,8,9.09,81.61349561,84.31,-0.337063049,0.968016791,3.58
CAMH,41,Gufuskalar,GFS,W,1470,15,15,-1.62,3.54, , , , ,9,10.12,94.50184668,90.24,0.47353852,1.047227911,3.58
CAMH,42,Gufuskalar,GFS,W,1470,15,15,-0.97,3.41, , , , ,13,11.35,110.5320086,108.93,0.123231428,1.014706771,3.58
CAMH,43,Gufuskalar,GFS,W,1470,15,15,-1.8,3.81, , , , ,12,9.78,90.19170372,104.92,-1.227358024,0.859623558,3.58
CAMH,44,Gufuskalar,GFS,W,1470,15,15,-1.29,3.69, , , , ,9,7.34,60.9402923,90.24,-3.255523077,0.675313523,3.58
CAMH,45,Gufuskalar,GFS,W,1470,15,15,-0.84,3.26, , , , ,16,10.62,100.9368634,118.86,-1.120196036,0.849208005,3.58
CAMH,46,Gufuskalar,GFS,W,1470,15,15,-0.09,3.79, , , , ,12,10.31,96.93375841,104.92,-0.665520133,0.923882562,3.58
CAMH,47,Gufuskalar,GFS,W,1470,15,15,-1.97,3.63, , , , ,13,9.44,85.93606418,108.93,-1.768764294,0.788910899,3.58
CAMH,48,Gufuskalar,GFS,W,1470,15,15,-2.25,3.33, , , , ,12,9.49,86.55842816,104.92,-1.530130987,0.82499455,3.58
CAMH,49,Gufuskalar,GFS,W,1470,15,15,-0.81,3.48, , , , ,7,8.17,70.54383154,77.77,-1.03230978,0.907082828,3.58
CAMH,50,Gufuskalar,GFS,W,1470,15,15,-0.99,2.96, , , , ,15,9.8,90.44374452,115.87,-1.695083699,0.780562221,3.58
CAMH,51,Gufuskalar,GFS,W,1470,15,15,-0.15,2.6, , , , ,12,9.81,90.56983556,104.92,-1.195847036,0.86322756,3.58
CAMH,52,Gufuskalar,GFS,W,1470,15,15,-1.55,3.52, , , , ,14,9.96,92.46683049,112.56,-1.435226394,0.821489255,3.58
CAMH,53,Gufuskalar,GFS,W,1470,15,15,-0.47,3.38, , , , ,7,8.51,74.58431308,77.77,-0.455098132,0.959037072,3.58
CAMH,54,Gufuskalar,GFS,W,1470,15,15,-1.22,3, , , , ,8,8.92,79.53569973,84.31,-0.596787533,0.943372076,3.58
CAMH,55,Gufuskalar,GFS,W,1470,15,15,-1.58,3.85, , , , ,11,10.21,95.65174092,100.49,-0.439841735,0.951853328,3.58
CAMH,56,Gufuskalar,GFS,W,1470,15,15,-1.15,3.05, , , , ,10,10.33,97.19070991,95.61,0.158070991,1.016532893,3.58
CAMH,57,Gufuskalar,GFS,W,1470,15,15,-0.48,3.46, , , , ,12,10.5,99.38212936,104.92,-0.46148922,0.94721816,3.58
CAMH,58,Gufuskalar,GFS,W,1470,15,15,-1.26,4.12, , , , ,24,9.62,88.1821866,134.67,-1.936992225,0.654802009,3.58
CAMH,59,Gufuskalar,GFS,W,1470,15,15,-1.18,3.3, , , , ,9,9.14,82.22733568,90.24,-0.890296036,0.911207177,3.58
CAMH,60,Gufuskalar,GFS,W,1470,15,15,-0.61,3.09, , , , ,8,8.79,77.9565334,84.31,-0.794183325,0.924641601,3.58
CAMH,61,Gufuskalar,GFS,W,1470,15,15,-1.01,3.84, , , , ,8,8.96,80.02329991,84.31,-0.535837511,0.949155497,3.58
CAMH,62,Gufuskalar,GFS,W,1470,15,15,-0.72,3.26, , , , ,10, , ,95.61, , ,3.58
CAMH,63,Gufuskalar,GFS,W,1470,15,15,-0.08,3.94, , , , ,13,9.85,91.07466994,108.93,-1.373486927,0.836084366,3.58
CAMH,64,Gufuskalar,GFS,W,1470,15,15,-1.21,3.97, , , , ,12,10.77,102.8893363,104.92,-0.169221973,0.9806456,3.58
CAMH,65,Gufuskalar,GFS,W,1470,15,15,-0.02,4.03, , , , ,11,9.09,81.61349561,100.49,-1.716045854,0.812155395,3.58
CAMH,66,Akurvik,AK30,NW,1250,13,13.5,1.03,4.03, , , , ,12,6.71,53.90967054,104.92,-4.250860788,0.513816913,3.64
CAMH,67,Akurvik,AK30,NW,1250,13,13.5,-0.7,3.73, , , , ,11, , ,100.49, , ,3.64
CAMH,69,Akurvik,AK30,NW,1250,13,13.5,-1.97,4.08, , , , ,12,8.53,74.82385707,104.92,-2.508011911,0.713151516,3.64
CAMH,70,Akurvik,AK30,NW,1250,13,13.5,-0.42,3.36, , , , ,12,7.11,58.34687354,104.92,-3.881093872,0.556108211,3.64
CAMH,71,Akurvik,AK30,NW,1250,13,13.5,-0.73,3.74, , , , ,10,8.71,76.98897097,95.61,-1.862102903,0.805239734,3.64
CAMH,72,Akurvik,AK30,NW,1250,13,13.5,-1.71,3.44, , , , ,16,10.08,93.99198079,118.86,-1.554251201,0.790778906,3.64
CAMH,73,Akurvik,AK30,NW,1250,13,13.5,-1.13,2.95, , , , ,9,8.6,75.66387855,90.24,-1.61956905,0.838473831,3.64
CAMH,74,Akurvik,AK30,NW,1250,13,13.5,0.08,3.41, , , , ,12,8.15,70.30804284,104.92,-2.884329763,0.670110969,3.64
CAMH,75,Akurvik,AK30,NW,1250,13,13.5,-1.7,3.72, , , , ,11,9.7,89.18542869,100.49,-1.027688301,0.88750551,3.64
CAMH,76,Akurvik,AK30,NW,1250,13,13.5,-0.46,3.49, , , , ,14,6.71,53.90967054,112.56,-4.189309247,0.478941636,3.64
CAMH,77,Akurvik,AK30,NW,1250,13,13.5,0.21,3.08, , , , ,14,7.74,65.52150546,112.56,-3.359892467,0.582102927,3.64
CAMH,78,Akurvik,AK30,NW,1250,13,13.5,0.5,3.22, , , , ,9,8.7,76.86825359,90.24,-1.485749601,0.851820186,3.64
CAMH,79,Akurvik,AK22,NW,1460,15,15,-0.3,3.63, , , , ,15,6.5,51.61825994,115.87,-4.283449337,0.445484249,3.73
CAMH,80,Akurvik,AK22,NW,1460,15,15,-1.52,2.9, , , , ,13,8.17,70.54383154,108.93,-2.952782189,0.647607009,3.73
CAMH,81,Akurvik,AK22,NW,1460,15,15,-1.6,3.27, , , , ,11,8.47,74.10584328,100.49,-2.398559701,0.737444953,3.73
CAMH,82,Akurvik,AK22,NW,1460,15,15,-1.58,2.89, , , , ,7,8.74,77.35142736,77.77,-0.059796091,0.994617814,3.73
CAMH,83,Akurvik,AK22,NW,1460,15,15,-1.22,3.35, , , , ,12,10.7,101.9769352,104.92,-0.245255402,0.971949439,3.73
CAMH,84,Akurvik,AK22,NW,1460,15,15,-0.49,2.39, , , , ,13,8.74,77.35142736,108.93,-2.429120972,0.710102152,3.73
CAMH,85,Akurvik,AK22,NW,1460,15,15,-0.4,3.4, , , , ,8, , ,84.31, , ,3.73
CAMH,86,Akurvik,AK22,NW,1460,15,15,-0.98,2.13, , , , ,7,7.1,58.23480419,77.77,-2.790742259,0.748808078,3.73
CAMH,87,Akurvik,AK22,NW,1460,15,15,-0.51,1.41, , , , ,9,7.04,57.56360277,90.24,-3.630710804,0.637894534,3.73
CAMH,88,Akurvik,AK22,NW,1460,15,15,-0.56,2.54, , , , ,13,8.14,70.19022785,108.93,-2.979982473,0.644360854,3.73
CAMH,89,Akurvik,AK22,NW,1460,15,15,-0.99,3.73, , , , ,14,9.07,81.36830501,112.56,-2.227978213,0.722888282,3.73
CAMH,90,Akurvik,AK22,NW,1460,15,15,-0.43,3.85, , , , ,9,6.83,55.23093512,90.24,-3.889896097,0.612044937,3.73
CAMH,91,Akurvik,AK22,NW,1460,15,15,-0.84,3.3, , , , ,14,8.57,75.3035617,112.56,-2.661174164,0.669008189,3.73
CAMH,92,Akurvik,AK22,NW,1460,15,15,-0.23,3.09, , , , ,8,8.5,74.4646183,84.31,-1.230672713,0.883224034,3.73
CAMH,94,Akurvik,AK22,NW,1460,15,15,-1.22,1.93, , , , ,6,6.69,53.69029523,70.56,-2.811617462,0.760916882,3.73
CAMH,95,Akurvik,AK22,NW,1460,15,15,-1.01,2.81, , , , ,10,9.15,82.35025146,95.61,-1.325974854,0.861314208,3.73
CAMH,96,Akurvik,AK22,NW,1460,15,15,-1.23,3.49, , , , ,11,8.28,71.84443855,100.49,-2.60414195,0.714941174,3.73
CAMH,97,Akurvik,AK22,NW,1460,15,15,-1.01,3.84, , , , ,10,8.94,79.77940001,95.61,-1.583059999,0.834425269,3.73
CAMH,98,Akurvik,AK22,NW,1460,15,15,-1.41,3.82, , , , ,9,7.2,59.35808827,90.24,-3.431323526,0.657780233,3.73
CAMH,99,Akurvik,AK22,NW,1460,15,15,-1.18,2.97, , , , ,12,8.55,75.06360671,104.92,-2.488032774,0.715436587,3.73
CAMH,100,Akurvik,AK22,NW,1460,15,15,-1.3,3.6, , , , ,7,6.68,53.58069751,77.77,-3.455614642,0.688963579,3.73
CAMH,101,Akurvik,AK22,NW,1460,15,15,-1.29,3.3, , , , ,8,8.31,72.20025204,84.31,-1.513718495,0.85636641,3.73
CAMH,102,Akurvik,AK22,NW,1460,15,15,-1.07,3.52, , , , ,12,8.89,79.17052423,104.92,-2.145789647,0.754579911,3.73
CAMH,103,Akurvik,AK22,NW,1460,15,15,-1.26,3.52, , , , ,10,8.8,78.07770608,95.61,-1.753229392,0.816626986,3.73
CAMH,104,Akurvik,AK22,NW,1460,15,15,-1.4,2.95, , , , ,14,11.09,107.0878519,112.56,-0.390867719,0.951384612,3.73
CAMH,105,Akurvik,AK22,NW,1460,15,15,-1.28,2.65, , , , ,6, , ,70.56, , ,3.73
CAMH,106,Akurvik,AK22,NW,1460,15,15,-0.83,2.56, , , , ,7,6.82,55.12050286,77.77,-3.235642449,0.708763056,3.73
CAMH,107,Akurvik,AK22,NW,1460,15,15,-0.78,2.48, , , , ,12,8.5,74.4646183,104.92,-2.537948475,0.709727586,3.73
CAMH,108,Akurvik,AK22,NW,1460,15,15,-1.75,3.04, , , , ,9,8.75,77.47234747,90.24,-1.418628059,0.858514489,3.73
CAMH,109,Akurvik,AK22,NW,1460,15,15,-0.48,3.24, , , , ,11,8.82,78.32020264,100.49,-2.015436124,0.779383049,3.73
CAMH,110,Akurvik,AK22,NW,1460,15,15,-0.7,0.92, , , , ,7,6.13,47.64690806,77.77,-4.303298848,0.61266437,3.73
CAMH,111,Akurvik,AK22,NW,1460,15,15,-0.75,3.79, , , , ,11,9.26,83.70556323,100.49,-1.525857888,0.832974059,3.73
CAMH,112,Akurvik,AK22,NW,1460,15,15,-0.96,3.13, , , , ,7, , ,77.77, , ,3.73
CAMH,113,Akurvik,AK22,NW,1460,15,15,-1.84,3.45, , , , ,9,8.49,74.34497505,90.24,-1.766113884,0.823858323,3.73
CAMH,114,Vatnskot,VTN,NW,987,10,10,-0.74,2.72, , , , ,9,9.66,88.68342753,90.24,-0.172952496,0.982750748,3.64
CAMH,115,Vatnskot,VTN,NW,987,10,10,-1.59,3.48, , , , ,20,9.88,91.45378861,128.29,-1.84181057,0.712867633,3.64
CAMH,116,Vatnskot,VTN,NW,987,10,10,-1.01,3.5, , , , ,6,7.04,57.56360277,70.56,-2.166066206,0.815810697,3.64
CAMH,117,Vatnskot,VTN,NW,987,10,10,-1.18,2.41, , , , ,5,7.08,58.0108388,62.6,-0.917832239,0.926690716,3.64
CAMH,118,Vatnskot,VTN,NW,1770,18,18,-1.39,2.75, , , , ,9,9.41,85.56322409,90.24,-0.519641768,0.948174026,3.64
CAMH,119,Vatnskot,VTN,NW,1050,11,11,-1.53,2.38, , , , ,6,7.07,57.89894288,70.56,-2.110176187,0.820563249,3.64
CAMH,120,Vatnskot,VTN,NW,1050,11,11,-1.28,2.65, , , , ,9,8.62,75.90434558,90.24,-1.592850491,0.841138581,3.64
CAMH,121,Vatnskot,VTN,NW,1050,11,11,-1.81,5.17, , , , ,9,7.29,60.37394,90.24,-3.318451111,0.669037456,3.64
CAMH,122,Vatnskot,VTN,NW,1050,11,11,-1.83,3.7, , , , ,4,6.97,56.78317733,53.84,0.735794333,1.054665255,3.64
CAMH,123,Vatnskot,VTN,NW,1050,11,11, , , , , , ,21,9.92,91.95993578,130.12,-1.817145915,0.706731754,3.64
CAMH,125,Vatnskot,VTN,NW,925,10,10,-0.39,3.13, , , , ,11,8.46,73.98635485,100.49,-2.409422287,0.736255895,3.64
CAMH,126,Vatnskot,VTN,NW,925,10,10,-1.66,4.29, , , , ,8,6.64,53.14290752,84.31,-3.89588656,0.630327453,3.64
CAMH,127,Vatnskot,VTN,NW,925,10,10,-0.95,4.02, , , , ,10,6.25,48.92556153,95.61,-4.668443847,0.511720129,3.64
CAMH,128,Vatnskot,VTN,NW,925,10,10,-1.08,3.43, , , , ,9,9.84,90.94839088,90.24,0.078710097,1.007850076,3.64
CAMH,129,Vatnskot,VTN,NW,925,10,10,-2.09,3.82, , , , ,13,7.49,62.64780774,108.93,-3.560168636,0.575119873,3.64
CAMH,130,Vatnskot,VTN,NW,925,10,10,-2.96,3.35, , , , ,10,10.61,100.8070555,95.61,0.519705552,1.05435682,3.64
CAMH,131,Vatnskot,VTN,NW,925,10,10,-0.79,3.74, , , , ,5,5.95,45.74608055,62.6,-3.37078389,0.73076806,3.64
CAMH,132,Vatnskot,VTN,NW,925,10,10,-0.68,3.53, , , , ,5,6.05,46.79953705,62.6,-3.160092591,0.747596438,3.64
CAMH,133,Vatnskot,VTN,NW,925,10,10,-2.1,3.23, , , , ,7,6.76,54.45915542,77.77,-3.330120654,0.700259167,3.64
CAMH,134,Vatnskot,VTN,NW,925,10,10,-1.39,3.27, , , , ,8,5.67,42.83099599,84.31,-5.184875501,0.508017981,3.64
CAMH,135,Vatnskot,VTN,NW,925,10,10,-0.73,2.96, , , , ,9,8.5,74.4646183,90.24,-1.752820189,0.825184157,3.64
CAMH,136,Vatnskot,VTN,NW,925,10,10,-1.01,3.25, , , , ,6,6.8,54.89981613,70.56,-2.610030645,0.778058619,3.64
CAMH,137,Vatnskot,VTN,NW,925,10,10,-1.62,3.11, , , , ,5,5.7,43.14085698,62.6,-3.891828603,0.68915107,3.64
CAMH,138,Vatnskot,VTN,NW,925,10,10,-1.1,4.09, , , , ,4,6.44,50.96849501,53.84,-0.717876248,0.946665955,3.64
CAMH,140,Vatnskot,VTN,NW,925,10,10,-1.46,4.02, , , , ,17,11.48,112.3,121.57,-0.55,0.92,3.64
CAMH,144,Vatnskot,VTN,NW,925,10,10,-1.46,4.02, , , , ,10,11.74,115.7524883,95.61,2.014248826,1.210673447,3.64
CAMH,145,Vatnskot,VTN,NW,925,10,10,-1.31,3.19, , , , ,9,9.72,89.43671372,90.24,-0.089254031,0.991098335,3.64
CAMH,146,Vatnskot,VTN,NW,925,10,10,-0.95,3.87, , , , ,6,7.92,67.61177121,70.56,-0.491371465,0.958216712,3.64
CAMH,147,Vatnskot,VTN,NW,925,10,10,-1.31,2.95, , , , ,9,8.43,73.62819979,90.24,-1.845755579,0.815915335,3.64
CAMH,148,Vatnskot,VTN,NW,925,10,10,-1.26,2.27, , , , ,9,9.32,84.44731611,90.24,-0.643631544,0.935808024,3.64
CAMH,149,Vatnskot,VTN,NW,925,10,10,-1.68,2.96, , , , ,11,9.67,88.80885663,100.49,-1.061922125,0.883758151,3.64
CAMH,150,Vatnskot,VTN,NW,925,10,10, , , , , , ,12,9.23,83.3353452,104.92,-1.798721233,0.794275116,3.64
CAMH,152,Kotið,KOT,NW,950,10,10,-0.74,3.17, , , , ,14,7.81,66.3322956,112.56,-3.301978886,0.589306109,3.55
CAMH,153,Kotið,KOT,NW,950,10,10,-1.27,3.7, , , , ,12,7.13,58.57118531,104.92,-3.862401225,0.558246143,3.55
CAMH,154,Kotið,KOT,NW,950,10,10,-1.44,4.03, , , , ,12,9.39,85.31490553,104.92,-1.633757873,0.813142447,3.55
CAMH,155,Kotið,KOT,NW,950,10,10,-0.51,3.42, , , , ,7,6.43,50.86041555,77.77,-3.844226351,0.653985027,3.55
CAMH,156,Kotið,KOT,NW,950,10,10,-1.56,3.82, , , , ,12,8.51,74.58431308,104.92,-2.52797391,0.710868405,3.55
CAMH,157,Kotið,KOT,NW,950,10,10,-0.45,3.59, , , , ,14,8.85,78.68432489,112.56,-2.419691079,0.699043398,3.55
CAMH,158,Utskalar,UTS,W,1850,19,19,-1.23,3.77, , , , ,11,9.63,88.30742545,100.49,-1.107506777,0.87876829,3.8
CAMH,159,Utskalar,UTS,W,1850,19,19,-0.57,3.84, , , , ,16,9.96,92.46683049,118.86,-1.649573095,0.777947421,3.8
CAMH,160,Utskalar,UTS,W,1850,19,19,-2.63,3.82, , , , ,11,9.96,92.46683049,100.49,-0.729379047,0.920159523,3.8
CAMH,161,Utskalar,UTS,W,1850,19,19,-0.22,3.48, , , , ,9,8.97,80.14532463,90.24,-1.121630597,0.888135246,3.8
CAMH,162,Utskalar,UTS,W,1850,19,19,-1.22,2.95, , , , ,10,10.7,101.9769352,95.61,0.636693517,1.066592775,3.8
CAMH,163,Utskalar,UTS,W,1850,19,19,-1,3.29, , , , ,9, , ,90.24, , ,3.8
CAMH,164,Næfursstadðir,NFS,NW,950,10,10, , , , , , ,12,10.21,95.65174092,104.92,-0.772354923,0.911663562,3.55
CAMH,165,Næfursstadðir,NFS,NW,950,10,10,-2.68,3.14, , , , ,15,9.57,87.55670755,115.87,-1.88755283,0.755646048,3.55
CAMH,166,Næfursstadðir,NFS,NW,950,10,10,-0.93,3.37, , , , ,9,9.31,84.32356892,90.24,-0.657381231,0.934436712,3.55
CAMH,167,Næfursstadðir,NFS,NW,950,10,10,-1.58,3.35, , , , ,9,8.79,77.9565334,90.24,-1.364829622,0.863880024,3.55
CAMH,168,Næfursstadðir,NFS,NW,950,10,10,-0.83,2.95, , , , ,16,9.58,87.68170789,118.86,-1.948643257,0.737688944,3.55
CAMH,169,Næfursstadðir,NFS,NW,950,10,10,-0.94,3.26, , , , ,12,10.06,93.73732522,104.92,-0.931889565,0.893417129,3.55
CAMH,170,Næfursstadðir,NFS,NW,950,10,10,-1.61,3.59, , , , ,9, , ,90.24, , ,3.55
CAMH,171,Næfursstadðir,NFS,NW,950,10,10,-0.58,3.15, , , , ,13, , ,108.93, , ,3.55
CAMH,172,Næfursstadðir,NFS,NW,950,10,10,-1.12,3.44, , , , ,7, , ,77.77, , ,3.55
CAMH,173,Næfursstadðir,NFS,NW,950,10,10,-0.95,3.16, , , , ,11,7.67,64.71339469,100.49,-3.252418665,0.643978452,3.55
CAMH,174,Næfursstadðir,NFS,NW,950,10,10,-0.52,3.8, , , , ,11, ,66.2,100.49,-3.1,0.66,3.55
CAMH,175,Næfursstadðir,NFS,NW,950,10,10,-1.24,3.7, , , , ,9, , ,90.24, , ,3.55
CAMH,176,Akurvik,AKU,NW,1475,15,15,-1.84,3.42, , , , ,9,7.64,64.36788554,90.24,-2.874679384,0.713296604,3.58
CAMH,177,Akurvik,AKU,NW,1475,15,15,-1.14,4.99, , , , ,6,5.5,41.08650019,70.56,-4.912249968,0.582291669,3.58
CAMH,178,Gufuskalar,GFS,W,1470,15,15,-0.97,4.5, , , , ,8,7.94,67.8451054,84.31,-2.058111825,0.804710063,3.58
CAMH,179,Gufuskalar,GFS,W,1470,15,15,0.09,5.16, , , , ,10,9.16,82.47321642,95.61,-1.313678358,0.862600318,3.58
CAMH,180,Gufuskalar,GFS,W,1470,15,15,-0.27,4.53, , , , ,9,7.33,60.82690854,90.24,-3.268121273,0.674057054,3.58
CAMH,181,Gufuskalar,GFS,W,1470,15,15,0.41,5.03, , , , ,10,8.61,75.78408651,95.61,-1.982591349,0.792637658,3.58
CAMH,182,Gjogur,GJ,NW,1425,15,15,-0.78,5.09, , , , ,10,9.53,87.05718446,95.61,-0.855281554,0.91054476,3.56
CAMH,183,Gjogur,GJ,NW,1425,15,15,-0.84,5.27, , , , ,7,7.26,60.0348098,77.77,-2.5335986,0.771953321,3.56
CAMH,184,Gjogur,GJ,NW,1425,15,15,-1.17,6.23, , , , ,12,10.18,95.26802894,104.92,-0.804330922,0.908006376,3.56
CAMH,  139A,Vatnskot,VTN,NW,925,10,10,-1.7,2.81, , , , ,8,7.83,66.6,84.31,-2.21,0.79,3.64
CAMH,  139B,Vatnskot,VTN,NW,925,10,10,-1.74,3.96, , , , ,8,7.14,58.7,84.31,-3.2,0.7,3.64
CAMH,  141A,Vatnskot,VTN,NW,925,10,10,-1.19,3.81, , , , ,8,8.28,71.8,84.31,-1.56,0.85,3.64
CAMH,  141B,Vatnskot,VTN,NW,925,10,10,-1.93,3.71, , , , ,8,7.39,61.6,84.31,-2.84,0.73,3.64
CAMH,  142A,Vatnskot,VTN,NW,925,10,10,-0.52,3.85, , , , ,17,10.55,100,121.57,-1.27,0.82,3.64
CAMH,  142B,Vatnskot,VTN,NW,925,10,10,-1.29,3.53, , , , ,6,6.4,50.5,70.56,-3.34,0.72,3.64
CAMH,  143A,Vatnskot,VTN,NW,925,10,10,-1.85,3.17, , , , ,6,7.45,62.2,70.56,-1.39,0.88,3.64
CAMH,  143B,Vatnskot,VTN,NW,925,10,10,-1.15,3.56, , , , ,7,8.42,73.5,77.77,-0.61,0.95,3.64
CAMH,A2-2015-12y Nr 8,Isafjardardjup,Isa,NW,2015,21,21,-2.42,4.62, , ,-1.98,4.79, , , , , , , 
CAMH,A2-2015-12y Nr 9,Isafjardardjup,Isa,NW,2015,21,21,-1.16,3.75, , ,-0.72,3.92, , , , , , , 
CAMH,A5-2017 Nr 11,Isafjardardjup,Isa,NW,2017,21,21,-0.54,3.36, , ,-0.101,3.53, , , , , , , 
CAMH,A5-2017 Nr 12,Isafjardardjup,Isa,NW,2017,21,21,-0.92,3.88, , ,-0.481,4.05, , , , , , , 
CAMH,A5-2017 Nr 18,Breidafjardur,Breida,W,2017,21,21,-1.1,3.68, , ,-0.661,3.85, , , , , , , 
CAMH,A5-2017 Nr 19,Breidafjardur,Breida,W,2017,21,21,-0.67,3.27, , ,-0.231,3.44, , , , , , , 
CAMH,A5-2017 Nr 20,Breidafjardur,Breida,W,2017,21,21,-1.31,3.57, , ,-0.871,3.74, , , , , , , 
CAMH,A5-2017 Nr 22,Breidafjardur,Breida,W,2017,21,21,0.1,3.76, , ,0.539,3.93, , , , , , , 
CAMH,A5-2017 Nr 23,Breidafjardur,Breida,W,2017,21,21,-0.84,3.19, , ,-0.401,3.36, , , , , , , 
CAMH,A5-2017 Nr 24,Breidafjardur,Breida,W,2017,21,21,-1.12,3.61, , ,-0.681,3.78, , , , , , , 
CAMH,A5-2017 Nr 5,Isafjardardjup,Isa,NW,2017,21,21,-1.43,3.64, , ,-0.991,3.81, , , , , , , 
CAMH,A5-2017 Nr 6,Isafjardardjup,Isa,NW,2017,21,21,-0.48,4.13, , ,-0.041,4.3, , , , , , , 
CAMH,B2-2015 Nr 4,Skagafjordur,Skaga,NW,2015,21,21,-1.13,3.5, , ,-0.69,3.67, , , , , , , 
CAMH,B3-2017-164 Nr 5,Skagafjordur,Skaga,NW,2017,21,21,-2.02,4.16, , ,-1.581,4.33, , , , , , , 
CAMH,B3-2017-165 Nr 10,Skagafjordur,Skaga,NW,2017,21,21,-0.33,4.07, , ,0.109,4.24, , , , , , , 
CAMH,B3-2017-165 Nr 5,Skagafjordur,Skaga,NW,2017,21,21,-0.86,3.09, , ,-0.421,3.26, , , , , , , 
CAMH,B3-2017-165 Nr 6,Skagafjordur,Skaga,NW,2017,21,21,-1.24,3.43, , ,-0.801,3.6, , , , , , , 
CAMH,B4-2016 Nr 4,Skagafjordur,Skaga,NW,2016,21,21,-1.39,3.93, , ,-0.953,4.1, , , , , , , 
GUD,350,BRV,BRV15-1,W,1820,19,19, , , , , , ,10,10.60935065,100.798628,95.61,0.518862798,1.054268675,3.57
GUD,351,BRV,BRV15-1,W,1820,19,19, , , , , , ,15,11.39448052,111.1241478,115.87,-0.316390146,0.959041579,3.57
GUD,352,BRV,BRV15-1,W,1820,19,19, , , , , , ,8,8.723824289,77.1559377,84.31,-0.894257787,0.915145744,3.57
GUD,353,BRV,BRV15-1,W,1820,19,19, , , , , , ,5,7.506356589,62.8347644,62.6,0.04695288,1.00375023,3.57
GUD,354,BRV,BRV15-1,W,1820,19,19, , , , , , ,4,5.780413437,43.97436483,53.84,-2.466408794,0.816760119,3.57
GUD,355,BRV,BRV15-1,W,1820,19,19, , , , , , ,5,6.256589147,48.996034,62.6,-2.720793201,0.782684249,3.57
GUD,356,BRV,BRV15-1,W,1820,19,19, , , , , , ,8,9.628041237,88.28289038,84.31,0.496611298,1.04712241,3.57
GUD,357,BRV,BRV15-1,W,1820,19,19, , , , , , ,4,6.053505155,46.83657868,53.84,-1.750855331,0.869921595,3.57
GUD,358,BRV,BRV15-1,W,1820,19,19, , , , , , ,6,6.404072165,50.5804755,70.56,-3.329920749,0.716843474,3.57
GUD,359,BRV,BRV15-1,W,1820,19,19, , , , , , ,3,5.497164948,41.05757294,44.18,-1.040809019,0.929324874,3.57
GUD,360,BRV,BRV15-2,W,1820,19,19, , , , , , ,12,10.84422078,103.8591257,104.92,-0.088406189,0.989888732,3.57
GUD,361,BRV,BRV15-2,W,1820,19,19, , , , , , ,5,7.525364583,63.05221414,62.6,0.090442828,1.007223868,3.57
GUD,362,BRV,BRV15-2,W,1820,19,19, , , , , , ,5,7.849739583,66.79377442,62.6,0.838754885,1.066993202,3.57
GUD,363,BRV,BRV15-2,W,1820,19,19, , , , , , ,6,6.52671875,51.90831679,70.56,-3.108613868,0.735662086,3.57
GUD,364,BRV,BRV15-3,W,1820,19,19, , , , , , ,6,9.320572917,84.45440726,70.56,2.315734544,1.196916203,3.57
GUD,365,BRV,BRV15-3,W,1820,19,19, , , , , , ,4,6.8215625,55.137754,53.84,0.324438499,1.0241039,3.57
GUD,366,BRV,BRV15-3,W,1820,19,19, , , , , , ,5,7.508072917,62.85439076,62.6,0.050878153,1.00406375,3.57
GUD,367,BRV,BRV15-3,W,1820,19,19, , , , , , ,6,8.045885417,69.08401745,70.56,-0.245997091,0.97908188,3.57
GUD,368,BRV,BRV15-3,W,1820,19,19, , , , , , ,5,6.8559375,55.51764455,62.6,-1.41647109,0.886863332,3.57
GUD,369,BRV,BRV15-3,W,1820,19,19, , , , , , ,6,7.1434375,58.72202421,70.56,-1.972995966,0.832228234,3.57
GUD,370,BRV,BRV15-3,W,1820,19,19, , , , , , ,11,10.15427083,94.9392721,100.49,-0.504611628,0.94476338,3.57
GUD,371,BRV,BRV15-3,W,1820,19,19, , , , , , ,7,8.573958333,75.35107711,77.77,-0.345560413,0.968896452,3.57
GUD,372,BRV,BRV15-3,W,1820,19,19, , , , , , ,5,8.22609375,71.20627177,62.6,1.721254354,1.13748038,3.57
GUD,373,BRV,BRV15-3,W,1820,19,19, , , , , , ,13,10.6696875,101.5825094,108.93,-0.565191585,0.932548512,3.57
GUD,374,BRV,BRV15-3,W,1820,19,19, , , , , , ,4,6.058177083,46.8859627,53.84,-1.738509325,0.870838832,3.57
GUD,375,BRV,BRV15-3,W,1820,19,19, , , , , , ,7,8.231822917,71.27402376,77.77,-0.927996605,0.916471953,3.57
GUD,376,BRV,BRV15-3,W,1820,19,19, , , , , , ,4,6.279479167,49.24105911,53.84,-1.149735223,0.914581336,3.57
GUD,377,BRV,BRV15-4,W,1785,18,18, , , , , , ,15,11.44733766,111.8289,115.87,-0.269406664,0.965123846,3.56
GUD,378,BRV,BRV15-4,W,1785,18,18, , , , , , ,8,9.017532468,80.72601855,84.31,-0.447997681,0.957490435,3.56
GUD,379,BRV,BRV15-4,W,1785,18,18, , , , , , ,3,7.303917526,60.53144211,44.18,5.450480704,1.3701096,3.56
GUD,380,BRV,BRV15-4,W,1785,18,18, , , , , , ,6,8.378969072,73.02003849,70.56,0.410006415,1.034864491,3.56
GUD,381,BRV,BRV15-4,W,1785,18,18, , , , , , ,7,8.198505155,70.88025641,77.77,-0.984249085,0.911408723,3.56
GUD,382,BRV,BRV15-4,W,1785,18,18, , , , , , ,7,9.230824742,83.34551714,77.77,0.796502449,1.07169239,3.56
GUD,383,BRV,BRV15-4,W,1785,18,18, , , , , , ,4,6.209072165,48.48843839,53.84,-1.337890402,0.900602496,3.56
GUD,384,BRV,BRV15-4,W,1785,18,18, , , , , , ,8,8.186082474,70.73358815,84.31,-1.697051482,0.838970326,3.56
GUD,385,BRV,BRV15-5,W,1680,17,17, , , , , , ,14,11.12811688,107.5909465,112.56,-0.354932393,0.95585418,3.62
GUD,386,BRV,BRV15-5,W,1680,17,17, , , , , , ,11,9.801493506,90.46257331,100.49,-0.911584245,0.900214681,3.62
GUD,387,BRV,BRV15-5,W,1680,17,17, , , , , , ,14,10.91824675,104.8287926,112.56,-0.552229101,0.931314788,3.62
GUD,388,BRV,BRV15-5,W,1680,17,17, , , , , , ,10,7.166597938,58.98224899,95.61,-3.662775101,0.616904602,3.62
GUD,389,BRV,BRV15-5,W,1680,17,17, , , , , , ,4,7.091030928,58.13433751,53.84,1.073584377,1.079761098,3.62
GUD,390,BRV,BRV15-5,W,1680,17,17, , , , , , ,7,7.732268041,65.43211242,77.77,-1.762555369,0.841354152,3.62
GUD,391,BRV,BRV15-5,W,1680,17,17, , , , , , ,7,9.670257732,88.81208996,77.77,1.577441423,1.141983926,3.62
GUD,392,BRV,BRV15-5,W,1680,17,17, , , , , , ,8,9.035360825,80.94411314,84.31,-0.420735858,0.960077252,3.62
GUD,393,BRV,BRV15-6,W,1650,17,17, , , , , , ,15,11.15064935,107.8886434,115.87,-0.532090439,0.931118006,3.55
GUD,394,BRV,BRV15-6,W,1650,17,17, , , , , , ,7,9.266082474,83.7806782,77.77,0.858668314,1.077287877,3.55
GUD,395,BRV,BRV15-6,W,1650,17,17, , , , , , ,7,9.198969072,82.95286802,77.77,0.740409718,1.066643539,3.55
GUD,396,BRV,BRV15-6,W,1650,17,17, , , , , , ,9,9.56814433,87.53351687,90.24,-0.300720348,0.970007944,3.55
GUD,397,BRV,BRV15-6,W,1650,17,17, , , , , , ,9,10.65623377,101.4075809,90.24,1.240842324,1.123754221,3.55
GUD,398,BRV,BRV15-6,W,1650,17,17, , , , , , ,8,7.959742268,68.07564377,84.31,-2.029294529,0.807444476,3.55
GUD,399,BRV,BRV15-6,W,1650,17,17, , , , , , ,4,5.162989691,37.68658917,53.84,-4.038352706,0.699973796,3.55
GUD,400,BRV,BRV15-6,W,1650,17,17, , , , , , ,12,9.712835052,89.34666973,104.92,-1.297777522,0.851569479,3.55
GUD,401,BRV,BRV15-6,W,1650,17,17, , , , , , ,13,9.672783505,88.84377833,108.93,-1.545093975,0.815604318,3.55
GUD,402,BRV,BRV15-6,W,1650,17,17, , , , , , ,8,9.019381443,80.74862978,84.31,-0.445171278,0.957758626,3.55
GUD,403,BRV,BRV15-6,W,1650,17,17, , , , , , ,10,9.557371134,87.39891459,95.61,-0.821108541,0.914118969,3.55
GUD,404,BRV,BRV15-6,W,1650,17,17, , , , , , ,6,8.772938144,77.74990679,70.56,1.198317799,1.101897772,3.55
GUD,405,BRV,BRV15-6,W,1650,17,17, , , , , , ,5,8.320670103,72.32691774,62.6,1.945383548,1.155382073,3.55
GUD,406,BRV,BRV15-6,W,1650,17,17, , , , , , ,8,8.387731959,73.12437407,84.31,-1.398203241,0.867327412,3.55
GUD,407,BRV,BRV15-7,W,1637,17,17, , , , , , ,6,9.018195876,80.73413122,70.56,1.695688536,1.144191202,4.03
GUD,408,BRV,BRV15-7,W,1637,17,17, , , , , , ,6,8.457113402,73.95187295,70.56,0.565312159,1.048070762,4.03
GUD,409,BRV,BRV15-7,W,1637,17,17, , , , , , ,11,11.44032468,111.7353262,100.49,1.022302379,1.111904928,4.03
GUD,410,BRV,BRV15-7,W,1637,17,17, , , , , , ,9,12.36441558,124.2432617,90.24,3.778140194,1.376809195,4.03
GUD,411,BRV,BRV15-7,W,1637,17,17, , , , , , ,11,10.69512987,101.9135375,100.49,0.129412501,1.014165962,4.03
GUD,412,BRV,BRV15-7,W,1637,17,17, , , , , , ,10,10.45649351,98.82005463,95.61,0.321005463,1.033574465,4.03
GUD,413,BRV,BRV15-7,W,1637,17,17, , , , , , ,7,10.33778351,97.29075833,77.77,2.788679761,1.251006279,4.03
GUD,414,BRV,BRV15-7,W,1637,17,17, , , , , , ,9,8.725463918,77.1757472,90.24,-1.451583644,0.855227695,4.03
GUD,415,BRV,BRV15-7,W,1637,17,17, , , , , , ,7,8.369845361,72.91144916,77.77,-0.694078691,0.93752667,4.03
GUD,416,BRV,BRV15-7,W,1637,17,17, , , , , , ,7,9.918505155,91.94100703,77.77,2.024429576,1.182216884,4.03
GUD,417,BRV,BRV15-7,W,1637,17,17, , , , , , ,13,9.829072165,90.81044889,108.93,-1.393811624,0.833658762,4.03
GUD,418,BRV,BRV15-7,W,1637,17,17, , , , , , ,6,9.43242268,85.84185224,70.56,2.546975373,1.216579538,4.03
GUD,419,BRV,BRV15-7,W,1637,17,17, , , , , , ,8,8.599587629,75.65892262,84.31,-1.081384673,0.897389665,4.03
GUD,420,BRV,BRV15-7,W,1637,17,17, , , , , , ,6,7.906597938,67.45553385,70.56,-0.517411025,0.956002464,4.03
GUD,421,BRV,BRV15-7,W,1637,17,17, , , , , , ,7,8.616134021,75.85784761,77.77,-0.273164627,0.975412725,4.03
GUD,422,BRV,BRV15-7,W,1637,17,17, , , , , , ,11,10.75188312,102.6529866,100.49,0.196635146,1.021524397,4.03
GUD,423,BRV,BRV15-7,W,1637,17,17, , , , , , ,8,9.278762887,83.93733184,84.31,-0.04658352,0.995579787,4.03
GUD,424,BRV,BRV15-7,W,1637,17,17, , , , , , ,6,8.878453608,79.03009566,70.56,1.41168261,1.120041038,4.03
GUD,425,BRV,BRV15-7,W,1637,17,17, , , , , , ,7,8.8,79,77.77, ,1.02,4.03
GUD,426,BRV,BRV15-7,W,1637,17,17, , , , , , ,5,7.120154639,58.46073497,62.6,-0.827853006,0.933877555,4.03
GUD,427,BRV,BRV15-7,W,1637,17,17, , , , , , ,6,8.6,76,70.56, ,1.08,4.03
GUD,428,BRV,BRV15-7,W,1637,17,17, , , , , , ,4,6.363247423,50.14053574,53.84,-0.924866065,0.931287811,4.03
GUD,429,BRV,BRV15-7,W,1637,17,17, , , , , , ,9,10.2364433,95.99030365,90.24,0.638922628,1.063722337,4.03
GUD,430,BRV,BRV15-7,W,1637,17,17, , , , , , ,7,8.254536082,71.54279497,77.77,-0.889600719,0.919927928,4.03
GUD,431,BRV,BRV15-7,W,1637,17,17, , , , , , ,7,8.255876289,71.55866246,77.77,-0.887333934,0.920131959,4.03
GUD,432,BRV,BRV15-7,W,1637,17,17, , , , , , ,5,6.822628866,55.14952828,62.6,-1.490094343,0.88098288,4.03
GUD,433,BRV,BRV15-8,W,970,10,10, , , , , , ,9,10.48329897,99.16626223,90.24,0.991806915,1.098916913,3.51
GUD,434,BRV,BRV15-8,W,970,10,10, , , , , , ,13,10.30371134,96.85300205,108.93,-0.928999842,0.889130653,3.51
GUD,435,BRV,BRV15-8,W,970,10,10, , , , , , ,13,10.14185567,94.78074516,108.93,-1.088404219,0.870106905,3.51
GUD,436,BRV,BRV15-8,W,970,10,10, , , , , , ,11,9.969175258,92.58320793,100.49,-0.718799279,0.921317623,3.51
GUD,437,BRV,BRV15-8,W,970,10,10, , , , , , ,12,9.234690722,83.39320252,104.92,-1.79389979,0.794826559,3.51
GUD,438,BRV,BRV15-8,W,970,10,10, , , , , , ,9,10.15247423,94.91632717,90.24,0.519591907,1.051821001,3.51
GUD,439,BRV,BRV15-8,W,970,10,10, , , , , , ,11,10.65453608,101.385513,100.49,0.081410272,1.008911464,3.51
GUD,440,BRV,BRV15-8,W,970,10,10, , , , , , ,12,9.712319588,89.34019268,104.92,-1.298317276,0.851507746,3.51
GUD,441,BRV,BRV15-8,W,970,10,10, , , , , , ,6,8.034278351,68.94791618,70.56,-0.268680637,0.977153007,3.51
GUD,442,BRV,BRV15-8,W,970,10,10, , , , , , ,8,9.712680412,89.3447266,84.31,0.629340825,1.059716838,3.51
GUD,443,BRV,BRV15-8,W,970,10,10, , , , , , ,5,5.822525773,44.41257095,62.6,-3.637485809,0.70946599,3.51
GUD,444,BRV,BRV15-8,W,970,10,10, , , , , , ,7,9.654536082,88.61491418,77.77,1.549273454,1.139448556,3.51
GUD,445,BRV,BRV15-8,W,970,10,10, , , , , , ,16,9.597525773,87.90089585,118.86,-1.934944009,0.739533029,3.51
GUD,446,BRV,BRV15-8,W,970,10,10, , , , , , ,16,11.18642857,108.3618077,118.86,-0.656137022,0.911675986,3.51
GUD,447,BRV,BRV15-8,W,970,10,10, , , , , , ,15,10.4521134,98.76351397,115.87,-1.140432402,0.85236484,3.51
GUD,448,BRV,BRV15-8,W,970,10,10, , , , , , ,8,9.372061856,85.09235142,84.31,0.097793927,1.009279462,3.51
GUD,449,BRV,BRV15-8,W,970,10,10, , , , , , ,10,10.25958763,96.28689136,95.61,0.067689136,1.007079713,3.51
GUD,450,BRV,BRV15-8,W,970,10,10, , , , , , ,5,7.825876289,66.51655733,62.6,0.783311466,1.062564814,3.51
GUD,451,BRV,BRV15-8,W,970,10,10, , , , , , , ,7.310257732,60.60322951, , , ,3.51
GUD,452,BRV,BRV15-9,W,970,10,10, , , , , , ,11,6.068041237,46.99027626,100.49,-4.863611249,0.467611466,3.51
GUD,453,BRV,BRV15-12,W,1812,19,19, , , , , , ,18,11.26721649,109.4322287,124.03,-0.810987293,0.882304513,3.83
GUD,454,BRV,BRV15-12,W,1812,19,19, , , , , , ,11,9.754278351,89.8678357,100.49,-0.9656513,0.894296305,3.83
GUD,455,BRV,BRV15-12,W,1812,19,19, , , , , , ,5,6.549742268,52.15860736,62.6,-2.088278527,0.83320459,3.83
GUD,456,BRV,BRV15-12,W,1812,19,19, , , , , , ,6,7.123556701,58.49889474,70.56,-2.01018421,0.829065969,3.83
GUD,457,BRV,BRV15-12,W,1812,19,19, , , , , , ,10,7.630154639,64.25460488,95.61,-3.135539512,0.672049,3.83
GUD,458,BRV,BRV15-12,W,1812,19,19, , , , , , ,8,8.42056701,73.51568031,84.31,-1.349289961,0.871968691,3.83
GUD,459,BRV,BRV15-12,W,1812,19,19, , , , , , ,7,8.01257732,68.69364889,77.77,-1.296621587,0.883292386,3.83
GUD,460,BRV,BRV15-12,W,1812,19,19, , , , , , ,7,7.6,64,77.77, ,0.82,3.83
GUD,461,BRV,BRV15-12,W,1812,19,19, , , , , , ,9,7.3,61,90.24, ,0.68,3.83
GUD,462,BRV,BRV15-13,W,1649,17,17, , , , , , ,11,9.901701031,91.72829361,100.49,-0.796518762,0.912810166,3.6
GUD,463,BRV,BRV15-13,W,1649,17,17, , , , , , ,11,8.192835052,70.81330229,100.49,-2.69788161,0.70468009,3.6
GUD,464,BRV,BRV15-13,W,1649,17,17, , , , , , ,5,6.843505155,55.38016955,62.6,-1.443966091,0.884667245,3.6
GUD,465,BRV,BRV15-13,W,1649,17,17, , , , , , ,5,7.087319588,58.09277869,62.6,-0.901444263,0.92799966,3.6
GUD,466,BRV,BRV15-13,W,1649,17,17, , , , , , ,12,10.43195876,98.50345921,104.92,-0.534711733,0.938843492,3.6
GUD,467,BRV,BRV15-13,W,1649,17,17, , , , , , ,6,8.466804124,74.06765064,70.56,0.58460844,1.049711602,3.6
GUD,468,BRV,BRV15-13,W,1649,17,17, , , , , , ,5,7.374072165,61.32703962,62.6,-0.254592076,0.97966517,3.6
GUD,469,BRV,BRV15-13,W,1649,17,17, , , , , , ,5,7.467371134,62.38940494,62.6,-0.042119013,0.996635862,3.6
GUD,470,BRV,BRV15-13,W,1649,17,17, , , , , , ,9,8.386443299,73.1090281,90.24,-1.903441322,0.810162102,3.6
GUD,471,BRV,BRV15-14,W,1550,16,16, , , , , , ,8,8.987628866,80.36056163,84.31,-0.493679796,0.953155754,3.86
GUD,472,BRV,BRV15-14,W,1550,16,16, , , , , , ,5,7.555,63.39164173,62.6,0.158328346,1.012646034,3.86
GUD,473,BRV,BRV15-14,W,1550,16,16, , , , , , ,6,7.539845361,63.21800791,70.56,-1.223665348,0.895946824,3.86
GUD,474,BRV,BRV15-14,W,1550,16,16, , , , , , ,5,6.621907216,52.94520301,62.6,-1.930959398,0.845770016,3.86
GUD,475,BRV,BRV15-14,W,1550,16,16, , , , , , ,5,6.875876289,55.73831521,62.6,-1.372336959,0.890388422,3.86
GUD,476,BRV,BRV15-14,W,1550,16,16, , , , , , ,5,6.851082474,55.46394754,62.6,-1.427210492,0.886005552,3.86
GUD,477,BRV,BRV15-14,W,1550,16,16, , , , , , ,6,6.936134021,56.40663438,70.56,-2.35889427,0.799413753,3.86
GUD,478,BRV,BRV15-14,W,1550,16,16, , , , , , ,4,6.424845361,50.8047285,53.84,-0.758817875,0.943624229,3.86
GUD,479,BRV,BRV15-14,W,1550,16,16, , , , , , ,6,7.820154639,66.45013553,70.56,-0.684977411,0.941753621,3.86
GUD,480,BRV,BRV15-14,W,1550,16,16, , , , , , ,5,7.676185567,64.78469528,62.6,0.436939055,1.034899286,3.86
GUD,481,BRV,BRV15-15,W,1550,16,16, , , , , , ,7,9.741907216,89.71217875,77.77,1.706025536,1.153557654,3.86
GUD,482,BRV,BRV15-15,W,1550,16,16, , , , , , ,14,10.89742268,104.5557739,112.56,-0.571730436,0.928889249,3.86
GUD,483,BRV,BRV15-15,W,1550,16,16, , , , , , ,6,8.149948454,70.30743541,70.56,-0.042094098,0.99642057,3.86
GUD,484,BRV,BRV15-15,W,1550,16,16, , , , , , ,5,7.462061856,62.32881887,62.6,-0.054236227,0.995668033,3.86
GUD,485,BRV,BRV15-15,W,1550,16,16, , , , , , ,9,8.668247423,76.48528156,90.24,-1.528302049,0.847576258,3.86
GUD,486,BRV,BRV15-15,W,1550,16,16, , , , , , ,6,8.066134021,69.32161907,70.56,-0.206396822,0.98244925,3.86
GUD,487,BRV,BRV15-15,W,1550,16,16, , , , , , ,8, ,78,84.31, ,0.93,3.86
GUD,488,BRV,BRV15-15,W,1550,16,16, , , , , , ,9,10.44309278,98.64709846,90.24,0.934122051,1.093163768,3.86
GUD,489,BRV,BRV15-15,W,1550,16,16, , , , , , ,8,9.657010309,88.64593734,84.31,0.541992167,1.051428506,3.86
GUD,490,BRV,BRV15-15,W,1550,16,16, , , , , , ,7, ,80,77.77, ,1.03,3.86
GUD,491,BRV,BRV15-16,W,1410,15,15, , , , , , ,12,11.37844156,110.9105342,104.92,0.499211183,1.057096209,3.76
GUD,492,BRV,BRV15-16,W,1410,15,15, , , , , , ,7,9.742886598,89.72449896,77.77,1.707785565,1.153716072,3.76
GUD,493,BRV,BRV15-16,W,1410,15,15, , , , , , ,16,10.98041237,105.6449621,118.86,-0.825939869,0.88881846,3.76
GUD,494,BRV,BRV15-16,W,1410,15,15, , , , , , ,8,9.055412371,81.18959228,84.31,-0.390050965,0.962988878,3.76
GUD,495,BRV,BRV15-16,W,1410,15,15, , , , , , ,10,9.439793814,85.93350022,95.61,-0.967649978,0.89879197,3.76
GUD,496,BRV,BRV15-16,W,1410,15,15, , , , , , ,12,9.529329897,87.04882269,104.92,-1.489264776,0.829668535,3.76
GUD,497,BRV,BRV15-16,W,1410,15,15, , , , , , ,11,10.08664948,94.07668819,100.49,-0.583028346,0.936179602,3.76
GUD,498,BRV,BRV15-16,W,1410,15,15, , , , , , ,11,9.465309278,86.25094545,100.49,-1.294459504,0.858303766,3.76
GUD,499,BRV,BRV15-16,W,1410,15,15, , , , , , ,14,9.335515464,84.63941181,112.56,-1.994327728,0.751949288,3.76
GUD,500,BRV,BRV15-16,W,1410,15,15, , , , , , ,10,9.338917526,84.68154809,95.61,-1.092845191,0.885697606,3.76
GUD,501,BRV,BRV15-16,W,1410,15,15, , , , , , ,12,10.80783505,103.3833951,104.92,-0.128050411,0.985354509,3.76
GUD,502,BRV,BRV15-16,W,1410,15,15, , , , , , ,12,9.755257732,89.88016163,104.92,-1.253319864,0.856654228,3.76
GUD,503,BRV,BRV15-16,W,1410,15,15, , , , , , ,13,11.17227273,108.1745366,108.93,-0.058112569,0.993064689,3.76
GUD,504,BRV,BRV15-16,W,1410,15,15, , , , , , ,12,9.757164948,89.90416606,104.92,-1.251319495,0.856883016,3.76
GUD,505,BRV,BRV15-16,W,1410,15,15, , , , , , ,16,10.13010309,94.63074408,118.86,-1.514328495,0.796152987,3.76
GUD,506,BRV,BRV15-16,W,1410,15,15, , , , , , ,10,9.491546392,86.5776957,95.61,-0.90323043,0.905529711,3.76
GUD,507,BRV,BRV15-16,W,1410,15,15, , , , , , ,11,9.317113402,84.41159028,100.49,-1.461673611,0.839999903,3.76
GUD,508,BRV,BRV15-16,W,1410,15,15, , , , , , ,10,9.264690722,83.76348928,95.61,-1.184651072,0.876095485,3.76
GUD,509,BRV,BRV15-16,W,1410,15,15, , , , , , ,6,7.746185567,65.59304343,70.56,-0.827826095,0.929606625,3.76
GUD,510,BRV,BRV15-16,W,1410,15,15, , , , , , ,10,8.819742268,78.3170764,95.61,-1.72929236,0.819130597,3.76
GUD,511,BRV,BRV15-16,W,1410,15,15, , , , , , ,11,9.987938144,92.8213153,100.49,-0.697153155,0.923687086,3.76
GUD,512,BRV,BRV15-16,W,1410,15,15, , , , , , ,11,9.622216495,88.20994162,100.49,-1.116368944,0.877798205,3.76
GUD,513,BRV,BRV15-16,W,1410,15,15, , , , , , ,10,10.52381443,99.69015727,95.61,0.408015727,1.042675005,3.76
GUD,514,BRV,BRV15-16,W,1410,15,15, , , , , , ,14,9.330206186,84.5736649,112.56,-1.999023936,0.751365182,3.76
GUD,515,BRV,BRV15-16,W,1410,15,15, , , , , , ,9,9.128865979,82.09053889,90.24,-0.905495678,0.909691255,3.76
GUD,516,BRV,BRV15-16,W,1410,15,15, , , , , , ,9,8.437680412,73.71984805,90.24,-1.835572439,0.81693094,3.76
GUD,517,BRV,BRV15-16,W,1410,15,15, , , , , , ,10,9.434948454,85.87325314,95.61,-0.973674686,0.898161836,3.76
GUD,518,BRV,BRV15-16,W,1410,15,15, , , , , , ,10,10.27319588,96.4613914,95.61,0.08513914,1.008904836,3.76
GUD,519,BRV,BRV15-16,W,1410,15,15, , , , , , ,12,10.37670103,97.79141376,104.92,-0.594048854,0.932056936,3.76
GUD,520,BRV,BRV15-16,W,1410,15,15, , , , , , ,9,8.489329897,74.33695956,90.24,-1.767004493,0.823769499,3.76
GUD,521,BRV,BRV15-16,W,1410,15,15, , , , , , ,8,8.212938144,71.05076153,84.31,-1.657404808,0.842732316,3.76
GUD,522,BRV,BRV15-16,W,1410,15,15, , , , , , ,7,7.85185567,66.81837166,77.77,-1.564518334,0.859179268,3.76
GUD,523,BRV,BRV15-16,W,1410,15,15, , , , , , ,6,7.711804124,65.19567674,70.56,-0.894053877,0.92397501,3.76
GUD,524,BRV,BRV15-16,W,1410,15,15, , , , , , ,10,11.13886598,107.7329351,95.61,1.212293509,1.126795681,3.76
GUD,525,BRV,BRV15-16,W,1410,15,15, , , , , , ,13,10.13706186,94.71955282,108.93,-1.093111322,0.869545147,3.76
GUD,526,BRV,BRV15-16,W,1410,15,15, , , , , , ,10,9.493659794,86.60402987,95.61,-0.900597013,0.905805144,3.76
GUD,527,BRV,BRV15-16,W,1410,15,15, , , , , , ,12,11.05948454,106.6855423,104.92,0.147128523,1.016827509,3.76
GUD,528,BRV,BRV15-16,W,1410,15,15, , , , , , ,14,9.3,84,112.56, ,0.75,3.76
GUD,529,BRV,BRV15-16,W,1410,15,15, , , , , , , , , , , , ,3.76
GUD,530,BRV,BRV15-16,W,1410,15,15, , , , , , ,12,10.15639175,94.96636082,104.92,-0.829469931,0.905131155,3.76
GUD,531,BRV,BRV15-16,W,1410,15,15, , , , , , ,12,9.447474227,86.02902145,104.92,-1.574248213,0.819948737,3.76
GUD,532,BRV,BRV15-16,W,1410,15,15, , , , , , ,11,10.48762887,99.22221571,100.49,-0.115253117,0.987383976,3.76
GUD,533,BRV,BRV15-16,W,1410,15,15, , , , , , ,6,8.014896907,68.72081509,70.56,-0.306530819,0.973934454,3.76
GUD,534,BRV,BRV15-16,W,1410,15,15, , , , , , ,7,8.11685567,69.91775616,77.77,-1.12174912,0.899032482,3.76
GUD,535,BRV,BRV15-16,W,1410,15,15, , , , , , ,5,7.011082474,57.24085721,62.6,-1.071828559,0.91439069,3.76
GUD,536,BRV,BRV15-16,W,1410,15,15, , , , , , ,8,8.996340206,80.46697851,84.31,-0.480377687,0.954417964,3.76
GUD,537,BRV,BRV15-17,W,1410,15,15, , , , , , ,13,11.02984536,106.2951742,108.93,-0.20267891,0.975811752,3.76
GUD,538,BRV,BRV15-17,W,1410,15,15, , , , , , ,16,11.17967532,108.2724565,118.86,-0.661721468,0.910924251,3.76
GUD,539,BRV,BRV15-17,W,1410,15,15, , , , , , ,20,11.14487013,107.8122679,128.29,-1.023886607,0.840379358,3.76
GUD,540,BRV,BRV15-17,W,1410,15,15, , , , , , ,10,10.05881443,93.72223547,95.61,-0.188776453,0.980255574,3.76
GUD,541,BRV,BRV15-17,W,1410,15,15, , , , , , ,6,7.043195876,57.59930144,70.56,-2.160116427,0.81631663,3.76
GUD,542,BRV,BRV-2012,W, , , , , , , , , ,8,11.27224044,109.4988878,84.31,3.148610978,1.298765127,3.3
GUD,543,BRV,BRV-2012,W, , , , , , , , , ,5,7.678196721,64.80788224,62.6,0.441576448,1.035269684,3.3
GUD,544,BRV,BRV-2012,W, , , , , , , , , ,9,9.772677596,90.09947363,90.24,-0.015614041,0.998442749,3.3
GUD,545,BRV,BRV-2012,W, , , , , , , , , ,9,10.84677596,103.8925558,90.24,1.51695064,1.15129162,3.3
GUD,546,BRV,BRV-2012,W, , , , , , , , , ,11,10.2347541,95.96866665,100.49,-0.411030305,0.955007132,3.3
GUD,547,BRV,BRV-2012,W, , , , , , , , , ,5,8.091851852,69.62371262,62.6,1.404742525,1.112199882,3.3
GUD,548,BRV,BRV-2012,W, , , , , , , , , ,12,10.5098913,99.51003748,104.92,-0.45083021,0.948437262,3.3
GUD,549,BRV,BRV-2012,W, , , , , , , , , ,5,7.485380435,62.59503291,62.6,-0.000993418,0.999920653,3.3
GUD,550,BRV,BRV-2012,W,1621,17,17, , , , , , ,12,10.78402174,103.0723614,104.92,-0.15396988,0.982390025,3.87
GUD,551,BRV,BRV-2012,W,1621,17,17, , , , , , ,9,10.36,97.57647862,90.24,0.815164291,1.08129963,3.87
GUD,552,BRV,BRV-2012,W,1621,17,17, , , , , , ,7,10.68815217,101.8227227,77.77,3.436103242,1.30928022,3.87
GUD,553,BRV,BRV-2012,W,1621,17,17, , , , , , ,3,6.967826087,56.75898627,44.18,4.192995422,1.284721283,3.87
GUD,554,BRV,BRV-2012,W,1621,17,17, , , , , , ,12,10.22505435,95.84444766,104.92,-0.756296028,0.913500264,3.87
GUD,555,BRV,BRV-2012,W,1621,17,17, , , , , , ,7,8.501521739,74.4828294,77.77,-0.4695958,0.957732151,3.87
GUD,556,BRV,BRV-2012,W,1621,17,17, , , , , , ,5, , ,62.6, , ,3.87
GUD,557,BRV,BRV-2012,W,1621,17,17, , , , , , ,5, , ,62.6, , ,3.87
GUD,558,BRV,BRV-2012,W,1621,17,17, , , , , , ,5, , ,62.6, , ,3.87
GUD,559,BRV,BRV-2012,W,1621,17,17, , , , , , ,5,6.558307087,52.25179848,62.6,-2.069640303,0.834693267,3.87
GUD,560,BRV,BRV-2012,W,1554,16,16, , , , , , ,12, , ,104.92, , ,3.86
GUD,561,BRV,BRV-2012,W,1554,16,16, , , , , , ,17, , ,121.57, , ,3.86
GUD,562,BRV,BRV-2012,W,1554,16,16, , , , , , ,14, , ,112.56, , ,3.86
GUD,563,BRV,BRV-2012,W,1850,19,19, , , , , , ,10, , ,95.61, , ,3.8
GUD,564,BRV,BRV-2012,W,1850,19,19, , , , , , ,7, , ,77.77, , ,3.8
GUD,565,KOV,KOV-2012,W,1820,19,19, , , , , , ,11,10.51956284,99.63514631,100.49,-0.077713971,0.991493147,3.57
GUD,566,KOV,KOV-2012,W,1820,19,19, , , , , , ,11,10.50803191,99.48598966,100.49,-0.091273667,0.990008853,3.57
GUD,567,KOV,KOV-2012,W,1820,19,19, , , , , , ,13,9.95962766,92.46210861,108.93,-1.266760876,0.84882134,3.57
GUD,568,KOV,KOV-2012,W,1795,18,18, , , , , , ,12,12.25435583,122.7350263,104.92,1.484585526,1.169796286,3.93
GUD,569,KOV,KOV-2012,W,1795,18,18, , , , , , ,9,9.553006135,87.3443933,90.24,-0.321734078,0.96791216,3.93
GUD,570,KOV,KOV-2012,W,1795,18,18, , , , , , ,11,9.866809816,91.28704847,100.49,-0.836631958,0.90841923,3.93
GUD,571,KOV,KOV-2012,W,1795,18,18, , , , , , ,9,11.11521472,107.4205836,90.24,1.908953736,1.190387673,3.93
GUD,572,KOV,KOV-2012,W,1795,18,18, , , , , , ,12,10.81269939,103.4469607,104.92,-0.122753279,0.985960357,3.93
GUD,573,KOV,KOV-2012,W,1795,18,18, , , , , , ,12,9.726809816,89.52231718,104.92,-1.283140235,0.853243587,3.93
GUD,574,KOV,KOV-2012,W,1795,18,18, , , , , , ,10,10.16668712,95.0978843,95.61,-0.05121157,0.994643702,3.93
GUD,575,KOV,KOV-2012,W,1795,18,18, , , , , , ,14,10.68779141,101.8180279,112.56,-0.767283718,0.904566702,3.93
GUD,576,KOV,KOV-2012,W,1795,18,18, , , , , , ,9,9.398895706,85.42533009,90.24,-0.534963323,0.946645945,3.93
GUD,577,KOV,KOV-2012,W,1795,18,18, , , , , , ,3,6.372944785,50.24494417,44.18,2.021648056,1.137278048,3.93
GUD,578,KOV,KOV-2012,W,1795,18,18, , , , , , ,3,6.306625767,49.53207254,44.18,1.784024181,1.12114243,3.93
GUD,579,KOV,KOV-2012,W,1795,18,18, , , , , , ,11,9.177852761,82.69286497,100.49,-1.617921366,0.822896457,3.93
GUD,580,KOV,KOV-2012,W,1795,18,18, , , , , , ,10,8.943496933,79.82203069,95.61,-1.578796931,0.83487115,3.93
GUD,581,KOV,KOV-2012,W,1770,18,18, , , , , , ,16,10.18741294,95.36280489,118.86,-1.468574694,0.802312005,3.49
GUD,582,KOV,KOV-2012,W,1770,18,18, , , , , , ,14,11.64445714,114.4676077,112.56,0.13625769,1.016947474,3.49
GUD,583,KOV,KOV-2012,W,1770,18,18, , , , , , ,3,6.879714286,55.78081878,44.18,3.866939595,1.262580778,3.49
GUD,584,KOV,KOV-2012,W,1770,18,18, , , , , , ,9,8.931085714,79.67075464,90.24,-1.174360595,0.88287627,3.49
GUD,585,KOV,KOV-2012,W,1770,18,18, , , , , , ,5,6.076820513,47.08316943,62.6,-3.103366114,0.752127307,3.49
GUD,586,KOV,KOV-2012,W,1770,18,18, , , , , , ,5,8.008358974,68.64425249,62.6,1.208850497,1.096553554,3.49
GUD,587,KOV,KOV-2012,W,1744,18,18, , , , , , ,11,8.977282051,80.23421499,100.49,-1.841435001,0.798429844,3.44
GUD,588,KOV,KOV-2012,W,1744,18,18, , , , , , ,13,10.37738462,97.8002139,108.93,-0.856137393,0.897826254,3.44
GUD,589,KOV,KOV-2012,W,1744,18,18, , , , , , ,12,9.511641026,86.82817278,104.92,-1.507652268,0.827565505,3.44
GUD,590,KOV,KOV-2012,W,1744,18,18, , , , , , ,12,10.44897436,98.7229989,104.92,-0.516416758,0.940935941,3.44
GUD,591,KOV,KOV-2012,W,1744,18,18, , , , , , ,7,9.711538462,89.3303777,77.77,1.651482529,1.148648292,3.44
GUD,592,KOV,KOV-2012,W,1744,18,18, , , , , , ,9,9.509333333,86.79939784,90.24,-0.382289129,0.96187276,3.44
GUD,593,KOV,KOV-2012,W,1744,18,18, , , , , , ,13,9.392512821,85.3460939,108.93,-1.814146623,0.783494849,3.44
GUD,594,KOV,KOV-2012,W,1744,18,18, , , , , , ,14,9.504461538,86.73865912,112.56,-1.844381492,0.770599317,3.44
GUD,595,KOV,KOV-2012,W,1744,18,18, , , , , , ,11,10.01615385,93.17969034,100.49,-0.664573605,0.927253362,3.44
GUD,596,KOV,KOV-2012,W,1744,18,18, , , , , , ,13,10.92567568,104.9262373,108.93,-0.307981747,0.963244628,3.44
GUD,597,KOV,KOV-2012,W,1744,18,18, , , , , , ,5,7.108039216,58.32489461,62.6,-0.855021079,0.931707582,3.44
GUD,598,KOV,KOV-2012,W,1744,18,18, , , , , , ,13,10.45120603,98.75180222,108.93,-0.78293829,0.906562033,3.44
GUD,599,KOV,KOV-2012,W,1744,18,18, , , , , , ,5,6.620235849,52.92694951,62.6,-1.934610098,0.845478427,3.44
GUD,600,KOV,KOV-2012,W,1744,18,18, , , , , , ,10,9.096367925,81.69160484,95.61,-1.391839516,0.85442532,3.44
GUD,601,KOV,KOV-2012,W,1744,18,18, , , , , , ,11,11.60339286,113.9165491,100.49,1.220595372,1.133610798,3.44
GUD,602,KOV,KOV-2012,W,1744,18,18, , , , , , ,11,9.370714286,85.07563874,100.49,-1.401305569,0.846608008,3.44
GUD,603,KOV,KOV-2012,W,1710,18,18, , , , , , ,10,10.71083333,102.1179976,95.61,0.650799762,1.068068169,3.64
GUD,604,KOV,KOV-2012,W,1710,18,18, , , , , , ,15,10.42791667,98.45132628,115.87,-1.161244915,0.849670547,3.64
GUD,605,KOV,KOV-2012,W,1710,18,18, , , , , , ,12,11.10505952,107.2865431,104.92,0.197211922,1.022555691,3.64
GUD,606,KOV,KOV-2012,W,1710,18,18, , , , , , ,12,10.50178571,99.40521783,104.92,-0.459565181,0.947438218,3.64
GUD,607,KOV,KOV-2012,W,1710,18,18, , , , , , ,9,9.267797619,83.80186249,90.24,-0.715348612,0.928655391,3.64
GUD,608,KOV,KOV-2012,W,1710,18,18, , , , , , ,10,10.48309524,99.16362971,95.61,0.355362971,1.037167971,3.64
GUD,609,KOV,KOV-2012,W,1710,18,18, , , , , , ,13,11.49630952,112.4829131,108.93,0.273301009,1.03261648,3.64
GUD,610,KOV,KOV-2012,W,1710,18,18, , , , , , ,11,8.710606061,76.9962888,100.49,-2.135791927,0.766208467,3.64
GUD,611,KOV,KOV-2012,W,1710,18,18, , , , , , ,14,11.48546512,112.3379993,112.56,-0.01585719,0.998027713,3.64
GUD,612,KOV,KOV-2012,W,1710,18,18, , , , , , ,12,10.7447093,102.5594385,104.92,-0.196713456,0.97750132,3.64
SS,185,BRV,BRV12,W,1594,16,16, ,2.68, , ,-0.76,2.68,9,12.21754069,122.2316228,90.24,3.554624758,1.354517097,3.63
SS,186,BRV,BRV12,W,1850,19,19,-0.89,2.8,-2.77,2.17,-0.08,3.07,11,10.89728752,104.5540025,100.49,0.369454772,1.04044186,3.8
SS,187,BRV,BRV12,W,1850,19,19,-0.88,2.57,-2.86,1.77,-0.03,2.91,5,7.188155515,59.2247412,62.6,-0.67505176,0.946082128,3.8
SS,188,BRV,GUS13,W,1850,19,19,-0.27,2.74,-0.6,2.03,-0.13,3.05,8,9.346202532,84.77179552,84.31,0.05772444,1.005477352,3.8
SS,189,BRV,BRV15,W,1649,17,17,-0.87,2.4,-2.09,2.13,-0.34,2.51,5,7.45443038,62.24176101,62.6,-0.071647799,0.994277332,3.6
SS,190,BRV,BRV15,W,1637,17,17,-0.62,2.16,-1.67,1.83,-0.17,2.3,4,7.619620253,64.13345554,53.84,2.573363885,1.191186024,4.03
SS,191,BRV,BRV17,W,1890,19,19,-0.8,2.37,-1.16,2.06,-0.65,2.5,4,7.310669078,60.60788779,53.84,1.691971946,1.125703711,3.82
SS,192,BRV,BRV17,W,1890,19,19,-1.23,2.35,-3.37,2.01,-0.31,2.5,4,7.770433996,65.87368548,53.84,3.008421371,1.223508274,3.82
SS,193,BRV,BRV17,W,1890,19,19,-1.6,2.4,-3.17,2.14,-0.92,2.51,4,7.244394213,59.85859924,53.84,1.504649809,1.111786761,3.82
SS,194,BRV,BRV17,W,1890,19,19, , ,-1.69,2.2, , ,5,8.294936709,72.02153576,62.6,1.884307153,1.150503766,3.82
SS,195,BRV,BRV17,W,1890,19,19,-2.15, ,-3.05, ,-1.77,3.77,12,8.572603978,75.33481867,104.92,-2.465431777,0.718021528,3.82
SS,196,BRV,BRV17,W,1649,17,17,-0.62,2.63,-2.04,2.2,-0.01,2.82,7,8.474141049,74.15533915,77.77,-0.516380121,0.953521141,3.6
SS,197,BRV,BRV17,W,1649,17,17,-0.71,2.08,-1.74,2.11,-0.27,2.07,4,6.980560579,56.90073357,53.84,0.765183393,1.056848692,3.6
SS,198,BRV,BRV17,W,1649,17,17,-0.71,2.96,-1.8,2.31,-0.24,3.24,14,10.29285714,96.7136594,112.56,-1.131881471,0.859218722,3.6
SS,199,BRV,BRV17,W,1649,17,17,-0.56,2.33,-1.41,2.19,-0.2,2.39,5,7.522965642,63.02475937,62.6,0.084951874,1.006785293,3.6
SS,200,BRV,BRV17,W,1649,17,17,-0.28,2.7,-1.55,2.1,0.26,2.95,6,7.892314647,67.28913005,70.56,-0.545144992,0.953644133,3.6
SS,201,BRV,BRV17,W,1649,17,17,-0.33,2.46,-1.49,1.9,0.17,2.7,5,7.761663653,65.77214382,62.6,0.634428765,1.050673224,3.6
SS,202,BRV,BRV17,W,1529,16,16,-1.26,3.23,-1.53,2.31,-1.14,3.62,16,10.55090416,100.0408598,118.86,-1.176196266,0.841669693,3.68
SS,203,BRV,BRV17,W,1529,16,16,-2.29,3.08,-3.27,2.54,-1.87,3.31,18,10.51401447,99.56336863,124.03,-1.359257298,0.802736182,3.68
SS,204,BRV,BRV17,W,1529,16,16,-0.54,2.33,-0.88,2.09,-0.4,2.43,7,8.486075949,74.29804052,77.77,-0.495994212,0.955356057,3.68
SS,205,BRV,BRV17,W,1529,16,16,-1.03,3.16,-2.88,2.31,-0.23,3.53,10,10.45262206,98.77007956,95.61,0.316007956,1.033051768,3.68
SS,206,BRV,BRV17,W,1529,16,16,-1.43,3.07,-3.31,2.72,-0.62,3.22,12,10.58019892,100.4204795,104.92,-0.374960041,0.957114749,3.68
SS,207,BRV,BRV17,W,1529,16,16,-1.19,2.23,-2.13,1.64,-0.79,2.48,9,10.16980108,95.13767492,90.24,0.544186102,1.05427388,3.68
SS,208,BRV,BRV17,W,1529,16,16,-1.4,3.06,-2.36,2.51,-0.99,3.3,12,10.09285714,94.15578564,104.92,-0.897017863,0.897405506,3.68
SS,209,BRV,BRV17,W,1529,16,16,-0.6,2.44,-1.39,2,-0.26,2.63,10,10.89710669,104.5516325,95.61,0.894163251,1.093521938,3.68
SS,210,BRV,BRV17,W,1529,16,16,-0.17,2.62,-0.78,2.38,0.09,2.72,7,7.427305606,61.93259287,77.77,-2.262486732,0.79635583,3.68
SS,211,BRV,BRV17,W,1529,16,16,-0.87,2.51,-1.85,2.36,-0.45,2.57, ,0, , , , ,3.68
SS,212,BRV,BRV17,W,1410,15,15,-1.41,2.65,-2.54,2.07,-0.92,2.9,13,11.06943942,106.8167409,108.93,-0.162558395,0.980599843,3.76
SS,213,BRV,BRV17,W,1410,15,15,-0.87,2.16,-1.72,2.13,-0.5,2.17,11,9.745298373,89.75484,100.49,-0.975923636,0.893171858,3.76
SS,214,BRV,BRV17,W,1410,15,15,-1.27,2.82,-3.09,2.22,-0.49,3.07,14,11.19475588,108.4720121,112.56,-0.291999135,0.9636817,3.76
SS,215,BRV,BRV17,W,1410,15,15,-1.15,2.45,-2.46,1.58,-0.59,2.82,18,10.49113924,99.26758504,124.03,-1.37568972,0.800351407,3.76
SS,216,BRV,BRV17,W,1410,15,15,-0.7,2.61,-1.43,2.01,-0.39,2.86,13,11.21075949,108.6838899,108.93,-0.018931545,0.997740658,3.76
SS,217,BRV,BRV17,W,1410,15,15,-0.74,3.58,-0.95,3.21,-0.65,3.74,22,11.1960217,108.4887668,131.79,-1.059146965,0.823194224,3.76
SS,218,BRV,BRV17,W,1410,15,15,-1.02,2.08,-1.45,2.29,-0.84,1.99,7,8.750059524,77.47306738,77.77,-0.042418946,0.996181913,3.76
SS,219,BRV,BRV17,W,1410,15,15,-1.39,2.85,-1.9,2.51,-1.17,2.99,10,11.25489668,109.2688119,95.61,1.365881193,1.142859658,3.76
SS,220,BRV,BRV17,W,1410,15,15,-1.12,2.69,-2.88,2.37,-0.36,2.83,15,11.49457505,112.4597319,115.87,-0.227351205,0.970568153,3.76
SS,221,BRV,BRV17,W,1410,15,15,-0.46,2.72,-1.27,2.33,-0.11,2.88,15,11.96301989,118.7665885,115.87,0.193105902,1.024998606,3.76
SS,222,BRV,BRV17,W,1410,15,15,-1.27,1.94,-1.91,1.97,-0.99,1.93,10,8.562665066,75.21553517,95.61,-2.039446483,0.786691091,3.76
SS,223,BRV,BRV17,W,1410,15,15,-2.08,2.99,-3.35,2.52,-1.53,3.19,10,9.25596745,83.65577357,95.61,-1.195422643,0.874968869,3.76
SS,224,BRV,BRV17,W,1410,15,15,-1.13,2.53,-2.35,2.03,-0.61,2.75,12,10.4022604,98.12059708,104.92,-0.56661691,0.935194406,3.76
SS,225,BRV,BRV17,W,1410,15,15,-0.18,2.77,0.29,2.8,-0.38,2.76,10,9.989873418,92.84588389,95.61,-0.276411611,0.971089676,3.76
SS,226,BRV,BRV17,W,1410,15,15,-0.93,2.2,-2.29,1.93,-0.35,2.31,15,9.944303797,92.26783345,115.87,-1.57347777,0.796304768,3.76
SS,227,BRV,BRV17,W,1410,15,15,-0.49,2.59,-0.87,2.65,-0.33,2.56,10,9.815822785,90.64327734,95.61,-0.496672266,0.948052268,3.76
SS,228,BRV,BRV17,W,1410,15,15,-0.45,2.48,-1.16,2.22,-0.14,2.59,12,7.655102041,64.54175337,104.92,-3.364853886,0.615152053,3.76
SS,229,BRV,BRV17,W,1410,15,15,-0.7,2.18,-1.35,2.17,-0.42,2.18,9,7.75,65.63716894,90.24,-2.733647896,0.727362244,3.76
SS,230,BRV,BRV17,W,1410,15,15,-1.07,2.53,-2.97,2.13,-0.25,2.7, ,0, , , , ,3.76
SS,231,BRV,BRV17,W,1410,15,15,-0.48,2.54,-1.23,2.17,-0.16,2.7,13,11.04005425,106.4295889,108.93,-0.192339317,0.977045707,3.76
SS,232,BRV,BRV17,W,1410,15,15,-0.22,2.39,-1.14,2.35,0.17,2.41,9,10.56555154,100.2306215,90.24,1.110069053,1.110711674,3.76
SS,233,BRV,BRV17,W,1410,15,15,-0.63,2.73,-0.97,2.34,-0.48,2.89,15,12.08381555,120.407766,115.87,0.302517733,1.039162562,3.76
SS,234,BRV,BRV17,W,1410,15,15,-1.65,1.6,-2.57,1.75,-1.26,1.54,4,6.076590636,47.08073649,53.84,-1.689815878,0.874456473,3.76
SS,235,BRV,BRV17,W,1410,15,15,-1.23,2.55,-1.76,2.14,-1,2.72,10,9.845660036,91.01985952,95.61,-0.459014048,0.951991,3.76
SS,236,BRV,BRV17,W,1410,15,15,-0.65,2.43,-0.58,1.91,-0.68,2.65,11,11.98625678,119.081825,100.49,1.690165908,1.185011693,3.76
SS,237,BRV,BRV17,W,1410,15,15,-0.16,2.53,-1.38,1.9,0.37,2.8,7,7.920228091,67.61443107,77.77,-1.450795561,0.869415341,3.76
SS,238,BRV,BRV17,W,1410,15,15,-1.07,2.95,-1.87,2.1,-0.72,3.32,11,12.02206148,119.5679969,100.49,1.734363354,1.189849705,3.76
SS,239,BRV,BRV17,W,1410,15,15,-0.7,2.25,-1.17,1.82,-0.5,2.43,7,7.568035714,63.54110006,77.77,-2.032699991,0.817038705,3.76
SS,240,BRV,BRV17,W,1400,14,13.5,-0.59,2.55,-1.06,2.05,-0.39,2.76,11,11.08381555,107.0062847,100.49,0.592389514,1.064845106,3.69
SS,241,BRV,BRV17,W,1400,14,13.5,-1.87,2.88,-3.11,2.36,-1.34,3.1,10,10.95596745,105.3238236,95.61,0.971382356,1.101598406,3.69
SS,242,BRV,BRV17,W,1400,14,13.5,-1.47,2.95,-1.87,2.33,-1.3,3.21,14,11.07992767,106.9550155,112.56,-0.400356036,0.950204473,3.69
SS,243,BRV,BRV17,W,1400,14,13.5,-1.21,2.93,-0.85,2.61,-1.37,3.06, ,0, , , , ,3.69
SS,244,BRV,BRV17,W,1400,14,13.5,-0.87,2.82,-1.32,2.23,-0.67,3.07,10,10.56166365,100.1802432,95.61,0.457024323,1.047800891,3.69
SS,245,BRV,BRV17,W,1400,14,13.5,0.08,2.45,0.38,2.04,-0.05,2.62,12,10.8358047,103.7490364,104.92,-0.097580296,0.988839463,3.69
SS,246,BRV,BRV17,W,1400,14,13.5,-1.02,1.61,-1.29,1.74,-0.9,1.56,9,7.431428571,61.97955984,90.24,-3.140048907,0.686830229,3.69
SS,247,STE,STE17,NW,1550,16,16,-1.6,2.52,-2.94,2.09,-1.02,2.71,11,11.38707052,111.0254447,100.49,0.9577677,1.104840727,3.86
SS,248,STE,STE17,NW,1550,16,16,-1.26,2.7,-1.48,2.24,-1.17,2.89,11,11.47124774,112.1480885,100.49,1.059826224,1.116012424,3.86
SS,249,STE,STE17,NW,1550,16,16,-1.52,2,-2.63,1.57,-1.05,2.18,6,5.819687875,44.38300423,70.56,-4.362832629,0.629010831,3.86
SS,250,STE,STE17,NW,1550,16,16,-1.08,2.1,-2.9,1.75,-0.3,2.25,7,8.072142857,69.39217013,77.77,-1.196832839,0.892274272,3.86
SS,251,STE,STE17,NW,1550,16,16,-0.54,3.18,-1.91,2.91,0.05,3.3,12,9.825406872,90.76419449,104.92,-1.179650459,0.865080008,3.86
SS,252,STE,STE17,NW,1550,16,16,-1.19,2.62,-2.21,1.87,-0.75,2.94,14,11.43092224,111.609903,112.56,-0.067864071,0.991559195,3.86
SS,253,STE,STE17,NW,1550,16,16,-1.07,2.8,-0.78,2.27,-1.19,3.02,13,10.94267631,105.1493248,108.93,-0.290821169,0.965292617,3.86
SS,254,STE,STE17,NW,1550,16,16,-2.02,2.55,-3.53,2.23,-1.37,2.68,10,10.6119349,100.8321686,95.61,0.522216856,1.054619481,3.86
SS,255,STE,STE17,NW,1550,16,16,-1.67,2.59,-2.59,2.28,-1.28,2.72,10,10.75479204,102.6909261,95.61,0.708092614,1.074060518,3.86
SS,256,STE,STE17,NW,1550,16,16,-1.23,2.69,-2.43,2.14,-0.71,2.93,11,8.908465608,79.39524389,100.49,-1.917705101,0.790081042,3.86
SS,257,STE,STE17,NW,1550,16,16, , ,-1.69,1.52, , ,7,7.511464586,62.89317964,77.77,-2.125260051,0.808707466,3.86
SS,258,STE,STE17,NW,1550,16,16,-1.76,2.91,-3.01,2.1,-1.22,3.26,13,10.54141049,99.91791752,108.93,-0.693237114,0.917267213,3.86
SS,259,BRV,BRV19,W,1900,19,19, , ,-1.55,2.52, , ,4,5.976190476,46.02136418,53.84,-1.954658955,0.854780167,3.41
SS,260,BRV,BRV19,W,1900,19,19,-1.35,3.48,-2.39,2.58,-0.91,3.87,8,8.80952381,78.19315551,84.31,-0.764605562,0.927448173,3.41
SS,261,BRV,BRV19,W,1860,19,19, , ,-0.45,2.81, , ,3,7.162803235,58.93959156,44.18,4.919863852,1.334078578,3.69
SS,262,BRV,BRV19,W,1860,19,19,-1.06,3.26,-0.76,2.5,-1.19,3.59,9,11.86082659,117.382876,90.24,3.015875107,1.300785416,3.69
SS,263,BRV,BRV19,W,1860,19,19, , ,-2.45,2.08, , ,3,5.328389831,39.34538855,44.18,-1.611537148,0.890570135,3.69
SS,264,BRV,BRV19,W,1860,19,19,-0.8,2.56,-1.43,1.83,-0.53,2.87,4,7.412227603,61.76091234,53.84,1.980228086,1.147119471,3.69
SS,265,BRV,BRV19,W,1860,19,19,-1.46,2.85,-1.52,2.41,-1.44,3.04,6,9.702066487,89.21138377,70.56,3.108563962,1.26433367,3.69
SS,266,BRV,BRV19,W,1860,19,19, , ,-0.51,1.97, , ,4,6.869620253,55.66905188,53.84,0.45726297,1.033971989,3.69
SS,267,BRV,BRV19,W,1838,18,18,-0.65,2.89,-1.44,2.14,-0.31,3.21,9,10.2344115,95.96427846,90.24,0.63603094,1.063433937,3.74
SS,268,BRV,BRV19,W,1838,18,18,-1.44,2.92,-2.25,2.3,-1.09,3.18,5,8.405569007,73.3368747,62.6,2.14737494,1.17151557,3.74
SS,269,BRV,BRV19,W,1785,18,18,-0.98,3.05,-2.02,2.35,-0.54,3.35,5,8.673728814,76.55135673,62.6,2.790271347,1.222865124,3.56
SS,270,BRV,BRV19,W,1785,18,18,-0.91,2.91,-1.55,2.3,-0.63,3.17,5,8.958580413,80.00598148,62.6,3.481196296,1.278050822,3.56
SS,271,BRV,BRV19,W,1770,18,18,-0.59,3.21,-2.09,2.65,0.06,3.45,6,8.069138035,69.35688745,70.56,-0.200518758,0.982949085,3.49
SS,272,BRV,BRV19,W,1770,18,18,-0.77,2.41,-1.74,2.13,-0.36,2.53,7,9.363971249,84.99202425,77.77,1.03171775,1.092863884,3.49
SS,273,BRV,BRV19,W,1770,18,18,-1.36,2.91,-2.23,2.76,-0.98,2.97,11,11.06477987,106.7553258,100.49,0.569575076,1.062347754,3.49
SS,274,BRV,BRV19,W,1770,18,18,-0.85,3.07,-2.95,3.07,0.05,3.07,7,9.651123091,88.57212507,77.77,1.543160724,1.138898355,3.49
SS,275,BRV,BRV19,W,1770,18,18,-0.73,3.12,-2.31,2.7,-0.05,3.3,7,9.41868823,85.67115675,77.77,1.128736679,1.101596461,3.49
SS,276,BRV,BRV19,W,1770,18,18,-0.77,2.73,-2.45,2.44,-0.05,2.85,6,8.855884996,78.75580655,70.56,1.365967758,1.116153721,3.49
SS,277,BRV,BRV19,W,1770,18,18,-1.59,3.45,-3.31,3.41,-0.85,3.46,11,10.67304582,101.6261877,100.49,0.103289786,1.011306475,3.49
SS,278,BRV,BRV19,W,1770,18,18,-0.85,2.62,-1.35,2.28,-0.63,2.76,7,10.65902965,101.443927,77.77,3.381989568,1.304409502,3.49
SS,279,BRV,BRV19,W,1649,17,17,-1.25,2.96,-3.44,1.84,-0.31,3.44,10,9.580413297,87.68687515,95.61,-0.792312485,0.917130793,3.6
SS,280,BRV,BRV19,W,1649,17,17,-1.98,2.96,-3.72,2.62,-1.23,3.1,8,9.623450135,88.22539031,84.31,0.489423789,1.046440402,3.6
SS,281,BRV,BRV19,W,1649,17,17, , ,-0.72,2.22, , ,4,7.303874092,60.53095041,53.84,1.672737602,1.12427471,3.6
SS,282,BRV,BRV19,W,1649,17,17,-0.38,2.74,-1.56,2.6,0.12,2.8,10,10.71922731,102.2273328,95.61,0.661733281,1.069211723,3.6
SS,283,BRV,BRV19,W,1649,17,17,-0.93,2.5,-2.81,1.86,-0.13,2.77,5,8.666787221,76.46768221,62.6,2.773536442,1.22152847,3.6
SS,284,BRV,BRV19,W,1649,17,17,-0.33,3.14,-1.29,3,0.08,3.2,7,11.00314465,105.9438362,77.77,4.024833747,1.362271264,3.6
SS,285,BRV,BRV19,W,1649,17,17, , ,-2.51,2.67, , ,4,6.359011453,50.09494666,53.84,-0.936263334,0.93044106,3.6
SS,286,BRV,BRV19,W,1649,17,17,-0.37,3.01,-1.34,2.48,0.05,3.23,9,10.43135669,98.49569355,90.24,0.917299284,1.091485966,3.6
SS,287,BRV,BRV19,W,1649,17,17,-0.92,2.51,-3.09,2.45,0.01,2.54,11,12.15498652,121.3775416,100.49,1.898867421,1.207856917,3.6
SS,288,BRV,BRV19,W,1649,17,17,-1.18,3.27,-3.66,3.07,-0.11,3.36,10,10.52848158,99.75055445,95.61,0.414055445,1.043306709,3.6
SS,289,BRV,BRV19,W,1649,17,17,-0.03,2.76,-0.53,2.55,0.18,2.85, ,10.03414196,93.40835509, , , ,3.6
SS,290,BRV,BRV19,W,1649,17,17,-0.1,2.73,-1.52,2.41,0.51,2.87,3,6.93628692,56.4083329,44.18,4.076110967,1.276784357,3.6
SS,291,BRV,BRV19,W,1649,17,17,-0.84,2.53,-2.14,2.17,-0.28,2.69,8,10.50754717,99.47972062,84.31,1.896215078,1.179927893,3.6
SS,292,BRV,BRV19,W,1900,19,19,-0.35,2.81,-0.28,2.56,-0.38,2.91,8,9.934141959,92.13906256,84.31,0.97863282,1.092860426,3.41
SS,293,BRV,BRV19,W,1900,19,19, , ,-2.87,2.1, , ,3,6.54912598,52.15190344,44.18,2.657301147,1.180441454,3.41
SS,294,BRV,BRV19,W,1900,19,19, , ,-1,2.33, , ,4,7.378842676,61.38124116,53.84,1.885310291,1.140067629,3.41
SS,295,BRV,BRV19,W,1900,19,19, , ,-1.39,2.01, , ,4,7.83625908,66.63713503,53.84,3.199283758,1.237688244,3.41
SS,296,BRV,BRV19,W,1900,19,19, , ,-1.59,1.75, , ,3,6.244309927,48.86472675,44.18,1.561575583,1.106037274,3.41
SS,297,BRV,BRV19,W,1900,19,19, , ,-2.17,1.98, , ,4,6.811271851,55.02416435,53.84,0.296041087,1.021994137,3.41
SS,298,BRV,BRV19,W,1900,19,19, , ,-0.93,2.15, , ,4,6.79535865,54.84863584,53.84,0.25215896,1.018733949,3.41
SS,299,BRV,BRV19,W,1900,19,19, , ,-1,2.05, , ,3,6.34954792,49.99313678,44.18,1.937712259,1.131578469,3.41
SS,300,BRV,BRV19,W,1880,19,19,-1.02,2.53,-1.43,2.32,-0.84,2.62,5,8.019529837,68.77508295,62.6,1.23501659,1.098643498,3.83
SS,301,BRV,BRV19,W,1880,19,19, , ,-2.17,2.17, , ,4,7.496428571,62.72126884,53.84,2.22031721,1.164956702,3.83
SS,302,BRV,BRV19,W,1880,19,19,-2.07,3.2,-4.76,2.72,-0.91,3.41,9,9.859732143,91.1976116,90.24,0.106401289,1.010611831,3.83
SS,303,BRV,BRV19,W,1880,19,19,0.04,2.92,-1.77,2.19,0.81,3.23,8,9.781401617,90.20936081,84.31,0.737420101,1.069972255,3.83
SS,304,BRV,BRV19,W,1880,19,19,-0.39,2.58,-0.15,2.1,-0.49,2.79,5,9.771698113,90.08713837,62.6,5.497427675,1.439091667,3.83
SS,305,BRV,BRV19,W,1649,17,17,-0.38,2.54,-1.93,2.48,0.28,2.56,9,10.7640611,102.8118424,90.24,1.396871374,1.139315629,3.6
SS,306,BRV,BRV19,W,1649,17,17,-0.53,2.6,-0.37,2.57,-0.6,2.61,7,9.843036837,90.98673481,77.77,1.888104973,1.169946442,3.6
SS,307,BRV,BRV19,W,1649,17,17,-2.05,3.39,-2.33,2.77,-1.93,3.65,9,10.82389937,103.5933583,90.24,1.483706475,1.147976045,3.6
SS,308,BRV,BRV19,W,1649,17,17, , ,-1.47,2.23, , ,5,7.149757869,58.79300767,62.6,-0.761398465,0.939185426,3.6
SS,309,BRV,BRV19,W,1550,16,16,-0.03,2.73,-1.66,2.29,0.67,2.92,11,11.90781671,118.0185896,100.49,1.593508142,1.174431183,3.86
SS,310,BRV,BRV19,W,1550,16,16,-0.84,2.81,-2.59,2.4,-0.09,2.98,10,9.855795148,91.14787201,95.61,-0.446212799,0.953329903,3.86
SS,311,BRV,BRV19,W,1550,16,16,-1.27,2.99,-3.02,2.35,-0.52,3.26,9,8.41416516,73.43934343,90.24,-1.866739619,0.813822511,3.86
SS,312,BRV,BRV19,W,1550,16,16,-0.12,2.53,-1.24,2.12,0.36,2.71,4,7.972457627,68.22423699,53.84,3.596059246,1.267166363,3.86
SS,313,BRV,BRV19,W,1550,16,16, , ,-1.83,2.31, , ,4,7.039963834,57.56319881,53.84,0.930799703,1.069153024,3.86
SS,314,BRV,BRV19,W,1550,16,16,-0.69,2.33,-2.12,1.94,-0.08,2.5,5,7.653631961,64.52482302,62.6,0.384964603,1.030747972,3.86
SS,315,BRV,BRV19,W,1450,15,15,-0.81,2.84,-1.69,2.6,-0.43,2.94,8,9.836298293,90.90165797,84.31,0.823957246,1.078183584,3.74
SS,316,BRV,BRV19,W,1450,15,15,-0.45,2.53,-1.27,1.83,-0.1,2.83,8,10.57744834,100.3848194,84.31,2.009352428,1.19066326,3.74
SS,317,BRV,BRV19,W,1450,15,15,-0.92,2.89,-1.44,2.33,-0.69,3.13,6,8.481416465,74.24231997,70.56,0.613719995,1.052187074,3.74
SS,318,BRV,BRV19,W,1450,15,15,-1.32,2.59,-2.84,2.4,-0.67,2.67,5,7.564891041,63.50503682,62.6,0.181007364,1.014457457,3.74
SS,319,BRV,BRV19,W,1450,15,15,-1.09,2.94,-0.76,2.5,-1.23,3.13,14,10.80943396,103.404288,112.56,-0.65397943,0.918659275,3.74
SS,320,BRV,BRV19,W,1450,15,15,-2.44,3.22,-4.6,2.52,-1.51,3.52,18,10.0703504,93.86909151,124.03,-1.675606027,0.7568257,3.74
SS,321,BRV,BRV19,W,1450,15,15,-1.58,2.57,-2.2,2.37,-1.32,2.66,21,10.81761006,103.5111424,130.12,-1.267088456,0.795505245,3.74
SS,322,BRV,BRV19,W,1450,15,15,-0.54,2.81,-1.95,2.71,0.07,2.85,13,12.08661276,120.4458414,108.93,0.885833951,1.105717813,3.74
SS,323,BRV,BRV19,W,1450,15,15,-0.53,2.42,-1.02,2.21,-0.32,2.51,12,11.10907457,107.3395332,104.92,0.201627764,1.023060743,3.74
SS,324,BRV,BRV19,W,1450,15,15, , ,-1.69,2.02, , ,3,5.788607595,44.05953908,44.18,-0.04015364,0.997273406,3.74
SS,325,BRV,BRV19,W,1450,15,15,0.04,2.4,-1.59,2.26,0.74,2.46,7,10.37708895,97.7964076,77.77,2.860915371,1.257508134,3.74
SS,326,BRV,BRV19,W,1450,15,15,-1.57,0.7,-1.18,2.2,-1.74,0.06,10,11.79721473,116.5237603,95.61,2.091376029,1.218740302,3.74
SS,327,BRV,BRV19,W,1450,15,15,-0.29,2.48,-0.88,2.2,-0.04,2.6,5,7.814527845,66.38483224,62.6,0.756966449,1.060460579,3.74
SS,328,BRV,BRV19,W,1450,15,15,-1.28,2.96,-3.41,2.23,-0.37,3.27,13,10.22704403,95.86992477,108.93,-1.004621171,0.8801058,3.74
SS,329,BRV,BRV19,W,1450,15,15, , ,-0.75,2.19, , ,7,6.549818402,52.15943556,77.77,-3.658652063,0.670688383,3.74
SS,330,BRV,BRV19,W,1450,15,15, , ,-0.89,2.18, , ,4,6.813680387,55.05074449,53.84,0.302686124,1.022487825,3.74
SS,331,BRV,BRV19,W,1450,15,15,-1.11,2.65,-2.86,2.24,-0.36,2.82,5,7.932748184,67.76047568,62.6,1.032095136,1.082435714,3.74
SS,332,BRV,BRV19,W,1450,15,15,-1.3,2.68,-2.83,2.1,-0.64,2.93,10,11.23306379,108.9793695,95.61,1.336936946,1.139832334,3.74
SS,333,BRV,BRV19,W,1900,19,19, , ,-3.35,1.98, , ,4,7.116214587,58.41654909,53.84,1.144137273,1.085002769,3.41
SS,334,BRV,BRV19,W,1880,19,19,-0.79,3.66,-1.73,2.5,-0.38,4.16,20,11.41205357,111.3583195,128.29,-0.846584027,0.868020262,3.83
SS,335,BRV,BRV19,W,1880,19,19, , ,-1.25,2.16, , ,6,8.106088005,69.7910883,70.56,-0.12815195,0.989102725,3.83
SS,336,BRV,BRV19,W,1880,19,19,-1.95,3.3,-3.66,2.83,-1.21,3.5,9,9.59901168,87.91948625,90.24,-0.257834861,0.974285087,3.83
SS,337,BRV,BRV19,W,1880,19,19,-1.09,2.71,-2.58,2.39,-0.45,2.85,5,7.059915612,57.78616132,62.6,-0.962767735,0.923101619,3.83
SS,338,BRV,BRV19,W,1880,19,19, , ,-0.03,2.43, , ,4,6.468583535,51.27776292,53.84,-0.640559271,0.952410158,3.83
SS,339,BRV,BRV19,W,1880,19,19,-0.52,3.1,-1.88,2.64,0.06,3.29,9,10.73620845,102.4486151,90.24,1.356512793,1.135290505,3.83
SS,340,BRV,BRV19,W,1880,19,19,-0.32,2.72,-1.85,2.23,0.34,2.93,9,10.80925427,103.4019399,90.24,1.462437762,1.14585483,3.83
SS,341,BRV,BRV19,W,1649,17,17,-1.08,2.6,-1.66,2.07,-0.83,2.83,5,8.34098063,72.56819,62.6,1.993638,1.159236262,3.6
SS,342,BRV,BRV19,W,1649,17,17,-1.55,3.52,-3.3,2.43,-0.8,3.98,8,9.820395328,90.70096121,84.31,0.798870152,1.075803122,3.6
SS,343,BRV,BRV19,W,1649,17,17,-1.1,3.03,-2.72,1.94,-0.41,3.49,9,8.934860737,79.71675895,90.24,-1.169249006,0.88338607,3.6
SS,344,BRV,BRV19,W,1649,17,17, , ,-2.04,1.66, , ,4,7.859209344,66.90386909,53.84,3.265967273,1.242642442,3.6
SS,345,BRV,BRV19,W,1649,17,17,-0.82,2.49,-2.18,2.43,-0.23,2.52,5,7.864556962,66.96606152,62.6,0.873212304,1.069745392,3.6
SS,346,BRV,BRV19,W,1649,17,17,-1.26,2.5,-2.2,2.25,-0.85,2.6,6,8.380592992,73.03937073,70.56,0.413228455,1.035138474,3.6
SS,347,BRV,BRV19,W,1450,15,15, , ,-1.57,2.39, , ,4,6.229294756,48.70429114,53.84,-1.283927215,0.904611648,3.74
SS,348,BRV,BRV19,W,1450,15,15,-0.73,2.77,-2.41,2.05,-0.01,3.08,7,9.406113801,85.51495819,77.77,1.106422599,1.099587993,3.74
SS,349,BRV,BRV19,W,1450,15,15,0,2.71,-1.45,2.5,0.62,2.8,6,8.707414105,76.95774986,70.56,1.066291643,1.090671058,3.74